title,venue,date,time,artist,program,image_link
Youth Symphony Orchestra of Ukraine,"KKL Luzern, Concert Hall",Tue 13.08,19.30,Youth Symphony Orchestra of Ukraine,"Claude Debussy (1862–1918)
Prélude à l'après-midi d'un faune",https://www.lucernefestival.ch/media/thumbnails/filer_public/7e/8c/7e8cc114-18d2-4b2e-a504-686db42a430b/youth_symphony_orchestra_of_ukraine_lyniv2_c_mutesouvenir_kaibienert.jpg__744x744_q85_crop_subject_location-1470%2C847_subsampling-2_upscale.jpg
Youth Symphony Orchestra of Ukraine,"KKL Luzern, Concert Hall",Tue 13.08,19.30,Youth Symphony Orchestra of Ukraine,"Edward Elgar (1857–1934)
",https://www.lucernefestival.ch/media/thumbnails/filer_public/7e/8c/7e8cc114-18d2-4b2e-a504-686db42a430b/youth_symphony_orchestra_of_ukraine_lyniv2_c_mutesouvenir_kaibienert.jpg__744x744_q85_crop_subject_location-1470%2C847_subsampling-2_upscale.jpg
Youth Symphony Orchestra of Ukraine,"KKL Luzern, Concert Hall",Tue 13.08,19.30,Youth Symphony Orchestra of Ukraine,"Borys Ljatoschynskyj (1895–1968)
Slavic Suite",https://www.lucernefestival.ch/media/thumbnails/filer_public/7e/8c/7e8cc114-18d2-4b2e-a504-686db42a430b/youth_symphony_orchestra_of_ukraine_lyniv2_c_mutesouvenir_kaibienert.jpg__744x744_q85_crop_subject_location-1470%2C847_subsampling-2_upscale.jpg
Youth Symphony Orchestra of Ukraine,"KKL Luzern, Concert Hall",Tue 13.08,19.30,Youth Symphony Orchestra of Ukraine,"Ottorino Respighi (1879–1936)
Pini di Roma",https://www.lucernefestival.ch/media/thumbnails/filer_public/7e/8c/7e8cc114-18d2-4b2e-a504-686db42a430b/youth_symphony_orchestra_of_ukraine_lyniv2_c_mutesouvenir_kaibienert.jpg__744x744_q85_crop_subject_location-1470%2C847_subsampling-2_upscale.jpg
Youth Symphony Orchestra of Ukraine,"KKL Luzern, Concert Hall",Tue 13.08,19.30,Oksana Lyniv,"Claude Debussy (1862–1918)
Prélude à l'après-midi d'un faune",https://www.lucernefestival.ch/media/thumbnails/filer_public/7e/8c/7e8cc114-18d2-4b2e-a504-686db42a430b/youth_symphony_orchestra_of_ukraine_lyniv2_c_mutesouvenir_kaibienert.jpg__744x744_q85_crop_subject_location-1470%2C847_subsampling-2_upscale.jpg
Youth Symphony Orchestra of Ukraine,"KKL Luzern, Concert Hall",Tue 13.08,19.30,Oksana Lyniv,"Edward Elgar (1857–1934)
",https://www.lucernefestival.ch/media/thumbnails/filer_public/7e/8c/7e8cc114-18d2-4b2e-a504-686db42a430b/youth_symphony_orchestra_of_ukraine_lyniv2_c_mutesouvenir_kaibienert.jpg__744x744_q85_crop_subject_location-1470%2C847_subsampling-2_upscale.jpg
Youth Symphony Orchestra of Ukraine,"KKL Luzern, Concert Hall",Tue 13.08,19.30,Oksana Lyniv,"Borys Ljatoschynskyj (1895–1968)
Slavic Suite",https://www.lucernefestival.ch/media/thumbnails/filer_public/7e/8c/7e8cc114-18d2-4b2e-a504-686db42a430b/youth_symphony_orchestra_of_ukraine_lyniv2_c_mutesouvenir_kaibienert.jpg__744x744_q85_crop_subject_location-1470%2C847_subsampling-2_upscale.jpg
Youth Symphony Orchestra of Ukraine,"KKL Luzern, Concert Hall",Tue 13.08,19.30,Oksana Lyniv,"Ottorino Respighi (1879–1936)
Pini di Roma",https://www.lucernefestival.ch/media/thumbnails/filer_public/7e/8c/7e8cc114-18d2-4b2e-a504-686db42a430b/youth_symphony_orchestra_of_ukraine_lyniv2_c_mutesouvenir_kaibienert.jpg__744x744_q85_crop_subject_location-1470%2C847_subsampling-2_upscale.jpg
European Union Youth Orchestra,"KKL Luzern, Concert Hall",Wed 14.08,19.30,European Union Youth Orchestra,"Carlos Simon (*1986)
Fate Now Conquers",https://www.lucernefestival.ch/media/thumbnails/filer_public/df/4f/df4f34e3-6bd0-460b-bb06-05f7f7c4ffc4/euyo_2023_sven-kristian_wolf.jpg__744x744_q85_crop_subject_location-2912%2C1764_subsampling-2_upscale.jpg
European Union Youth Orchestra,"KKL Luzern, Concert Hall",Wed 14.08,19.30,European Union Youth Orchestra,"Benjamin Britten (1913–1976)
The Young Person’s Guide to the Orchestra",https://www.lucernefestival.ch/media/thumbnails/filer_public/df/4f/df4f34e3-6bd0-460b-bb06-05f7f7c4ffc4/euyo_2023_sven-kristian_wolf.jpg__744x744_q85_crop_subject_location-2912%2C1764_subsampling-2_upscale.jpg
European Union Youth Orchestra,"KKL Luzern, Concert Hall",Wed 14.08,19.30,European Union Youth Orchestra,"Richard Strauss (1864–1949)
Don Quixote",https://www.lucernefestival.ch/media/thumbnails/filer_public/df/4f/df4f34e3-6bd0-460b-bb06-05f7f7c4ffc4/euyo_2023_sven-kristian_wolf.jpg__744x744_q85_crop_subject_location-2912%2C1764_subsampling-2_upscale.jpg
European Union Youth Orchestra,"KKL Luzern, Concert Hall",Wed 14.08,19.30,Gianandrea Noseda,"Carlos Simon (*1986)
Fate Now Conquers",https://www.lucernefestival.ch/media/thumbnails/filer_public/df/4f/df4f34e3-6bd0-460b-bb06-05f7f7c4ffc4/euyo_2023_sven-kristian_wolf.jpg__744x744_q85_crop_subject_location-2912%2C1764_subsampling-2_upscale.jpg
European Union Youth Orchestra,"KKL Luzern, Concert Hall",Wed 14.08,19.30,Gianandrea Noseda,"Benjamin Britten (1913–1976)
The Young Person’s Guide to the Orchestra",https://www.lucernefestival.ch/media/thumbnails/filer_public/df/4f/df4f34e3-6bd0-460b-bb06-05f7f7c4ffc4/euyo_2023_sven-kristian_wolf.jpg__744x744_q85_crop_subject_location-2912%2C1764_subsampling-2_upscale.jpg
European Union Youth Orchestra,"KKL Luzern, Concert Hall",Wed 14.08,19.30,Gianandrea Noseda,"Richard Strauss (1864–1949)
Don Quixote",https://www.lucernefestival.ch/media/thumbnails/filer_public/df/4f/df4f34e3-6bd0-460b-bb06-05f7f7c4ffc4/euyo_2023_sven-kristian_wolf.jpg__744x744_q85_crop_subject_location-2912%2C1764_subsampling-2_upscale.jpg
European Union Youth Orchestra,"KKL Luzern, Concert Hall",Wed 14.08,19.30,Nicolas Altstaedt,"Carlos Simon (*1986)
Fate Now Conquers",https://www.lucernefestival.ch/media/thumbnails/filer_public/df/4f/df4f34e3-6bd0-460b-bb06-05f7f7c4ffc4/euyo_2023_sven-kristian_wolf.jpg__744x744_q85_crop_subject_location-2912%2C1764_subsampling-2_upscale.jpg
European Union Youth Orchestra,"KKL Luzern, Concert Hall",Wed 14.08,19.30,Nicolas Altstaedt,"Benjamin Britten (1913–1976)
The Young Person’s Guide to the Orchestra",https://www.lucernefestival.ch/media/thumbnails/filer_public/df/4f/df4f34e3-6bd0-460b-bb06-05f7f7c4ffc4/euyo_2023_sven-kristian_wolf.jpg__744x744_q85_crop_subject_location-2912%2C1764_subsampling-2_upscale.jpg
European Union Youth Orchestra,"KKL Luzern, Concert Hall",Wed 14.08,19.30,Nicolas Altstaedt,"Richard Strauss (1864–1949)
Don Quixote",https://www.lucernefestival.ch/media/thumbnails/filer_public/df/4f/df4f34e3-6bd0-460b-bb06-05f7f7c4ffc4/euyo_2023_sven-kristian_wolf.jpg__744x744_q85_crop_subject_location-2912%2C1764_subsampling-2_upscale.jpg
Lucerne Festival Orchestra 1: Opening,"KKL Luzern, Concert Hall",Fri 16.08,18.30,Lucerne Festival Orchestra,"Gustav Mahler (1860–1911)
",https://www.lucernefestival.ch/media/thumbnails/filer_public/d3/25/d325af82-6571-429e-b27a-aac0df8ac7f2/220812_lfo_1_lfo_chailly_c_priskaketterer_lucerne_festival_14_approved.jpg__744x744_q85_crop_subject_location-2205%2C1533_subsampling-2_upscale.jpg
Lucerne Festival Orchestra 1: Opening,"KKL Luzern, Concert Hall",Fri 16.08,18.30,Riccardo Chailly,"Gustav Mahler (1860–1911)
",https://www.lucernefestival.ch/media/thumbnails/filer_public/d3/25/d325af82-6571-429e-b27a-aac0df8ac7f2/220812_lfo_1_lfo_chailly_c_priskaketterer_lucerne_festival_14_approved.jpg__744x744_q85_crop_subject_location-2205%2C1533_subsampling-2_upscale.jpg
Lucerne Festival Orchestra 2,"KKL Luzern, Concert Hall",Sat 17.08,18.30,Lucerne Festival Orchestra,"Felix Mendelssohn (1809–1847)
The Hebrides or Fingal’s Cave",https://www.lucernefestival.ch/media/thumbnails/filer_public/5a/ee/5aee93c9-6c70-4ecf-ac02-63a2351f5269/klaus_makela_2_mathias_benuigui_pasco_and_co.jpg__744x744_q85_crop_subject_location-2247%2C2142_subsampling-2_upscale.jpg
Lucerne Festival Orchestra 2,"KKL Luzern, Concert Hall",Sat 17.08,18.30,Lucerne Festival Orchestra,"Edvard Grieg (1843–1907)
",https://www.lucernefestival.ch/media/thumbnails/filer_public/5a/ee/5aee93c9-6c70-4ecf-ac02-63a2351f5269/klaus_makela_2_mathias_benuigui_pasco_and_co.jpg__744x744_q85_crop_subject_location-2247%2C2142_subsampling-2_upscale.jpg
Lucerne Festival Orchestra 2,"KKL Luzern, Concert Hall",Sat 17.08,18.30,Lucerne Festival Orchestra,"Robert Schumann (1810–1856)
",https://www.lucernefestival.ch/media/thumbnails/filer_public/5a/ee/5aee93c9-6c70-4ecf-ac02-63a2351f5269/klaus_makela_2_mathias_benuigui_pasco_and_co.jpg__744x744_q85_crop_subject_location-2247%2C2142_subsampling-2_upscale.jpg
Lucerne Festival Orchestra 2,"KKL Luzern, Concert Hall",Sat 17.08,18.30,Klaus Mäkelä,"Felix Mendelssohn (1809–1847)
The Hebrides or Fingal’s Cave",https://www.lucernefestival.ch/media/thumbnails/filer_public/5a/ee/5aee93c9-6c70-4ecf-ac02-63a2351f5269/klaus_makela_2_mathias_benuigui_pasco_and_co.jpg__744x744_q85_crop_subject_location-2247%2C2142_subsampling-2_upscale.jpg
Lucerne Festival Orchestra 2,"KKL Luzern, Concert Hall",Sat 17.08,18.30,Klaus Mäkelä,"Edvard Grieg (1843–1907)
",https://www.lucernefestival.ch/media/thumbnails/filer_public/5a/ee/5aee93c9-6c70-4ecf-ac02-63a2351f5269/klaus_makela_2_mathias_benuigui_pasco_and_co.jpg__744x744_q85_crop_subject_location-2247%2C2142_subsampling-2_upscale.jpg
Lucerne Festival Orchestra 2,"KKL Luzern, Concert Hall",Sat 17.08,18.30,Klaus Mäkelä,"Robert Schumann (1810–1856)
",https://www.lucernefestival.ch/media/thumbnails/filer_public/5a/ee/5aee93c9-6c70-4ecf-ac02-63a2351f5269/klaus_makela_2_mathias_benuigui_pasco_and_co.jpg__744x744_q85_crop_subject_location-2247%2C2142_subsampling-2_upscale.jpg
Lucerne Festival Orchestra 2,"KKL Luzern, Concert Hall",Sat 17.08,18.30,Leif Ove Andsnes,"Felix Mendelssohn (1809–1847)
The Hebrides or Fingal’s Cave",https://www.lucernefestival.ch/media/thumbnails/filer_public/5a/ee/5aee93c9-6c70-4ecf-ac02-63a2351f5269/klaus_makela_2_mathias_benuigui_pasco_and_co.jpg__744x744_q85_crop_subject_location-2247%2C2142_subsampling-2_upscale.jpg
Lucerne Festival Orchestra 2,"KKL Luzern, Concert Hall",Sat 17.08,18.30,Leif Ove Andsnes,"Edvard Grieg (1843–1907)
",https://www.lucernefestival.ch/media/thumbnails/filer_public/5a/ee/5aee93c9-6c70-4ecf-ac02-63a2351f5269/klaus_makela_2_mathias_benuigui_pasco_and_co.jpg__744x744_q85_crop_subject_location-2247%2C2142_subsampling-2_upscale.jpg
Lucerne Festival Orchestra 2,"KKL Luzern, Concert Hall",Sat 17.08,18.30,Leif Ove Andsnes,"Robert Schumann (1810–1856)
",https://www.lucernefestival.ch/media/thumbnails/filer_public/5a/ee/5aee93c9-6c70-4ecf-ac02-63a2351f5269/klaus_makela_2_mathias_benuigui_pasco_and_co.jpg__744x744_q85_crop_subject_location-2247%2C2142_subsampling-2_upscale.jpg
Lucerne Festival Academy 1,"KKL Luzern, Lucerne Hall",Sun 18.08,15.30,Soloists of the Lucerne Festival Contemporary Orchestra (LFCO),"“Anniversary Concert: 20 Years of Lucerne Festival Academy” 
",https://www.lucernefestival.ch/media/thumbnails/filer_public/88/5e/885e4388-89ea-462d-8339-2b85fd190344/230827_lfa_5_lfco_c_peterfischli_lucerne_festival_2.jpg__744x744_q85_crop_subject_location-1680%2C1120_subsampling-2_upscale.jpg
West-Eastern Divan Orchestra,"KKL Luzern, Concert Hall",Sun 18.08,19.30,West-Eastern Divan Orchestra,"“25 Years of the West-Eastern Divan Orchestra” 
",https://www.lucernefestival.ch/media/thumbnails/filer_public/a5/6f/a56f5697-face-4b72-91fd-3a3520419241/404-190818_19309_sommer_sk_2_west_eastern_barenboim_mutter_c_fischli_02.jpg__744x744_q85_crop_subject_location-1104%2C784_subsampling-2_upscale.jpg
West-Eastern Divan Orchestra,"KKL Luzern, Concert Hall",Sun 18.08,19.30,West-Eastern Divan Orchestra,"Johannes Brahms (1833–1897)
",https://www.lucernefestival.ch/media/thumbnails/filer_public/a5/6f/a56f5697-face-4b72-91fd-3a3520419241/404-190818_19309_sommer_sk_2_west_eastern_barenboim_mutter_c_fischli_02.jpg__744x744_q85_crop_subject_location-1104%2C784_subsampling-2_upscale.jpg
West-Eastern Divan Orchestra,"KKL Luzern, Concert Hall",Sun 18.08,19.30,West-Eastern Divan Orchestra,"Arnold Schoenberg (1874–1951)
Pelleas und Melisande",https://www.lucernefestival.ch/media/thumbnails/filer_public/a5/6f/a56f5697-face-4b72-91fd-3a3520419241/404-190818_19309_sommer_sk_2_west_eastern_barenboim_mutter_c_fischli_02.jpg__744x744_q85_crop_subject_location-1104%2C784_subsampling-2_upscale.jpg
West-Eastern Divan Orchestra,"KKL Luzern, Concert Hall",Sun 18.08,19.30,Daniel Barenboim,"“25 Years of the West-Eastern Divan Orchestra” 
",https://www.lucernefestival.ch/media/thumbnails/filer_public/a5/6f/a56f5697-face-4b72-91fd-3a3520419241/404-190818_19309_sommer_sk_2_west_eastern_barenboim_mutter_c_fischli_02.jpg__744x744_q85_crop_subject_location-1104%2C784_subsampling-2_upscale.jpg
West-Eastern Divan Orchestra,"KKL Luzern, Concert Hall",Sun 18.08,19.30,Daniel Barenboim,"Johannes Brahms (1833–1897)
",https://www.lucernefestival.ch/media/thumbnails/filer_public/a5/6f/a56f5697-face-4b72-91fd-3a3520419241/404-190818_19309_sommer_sk_2_west_eastern_barenboim_mutter_c_fischli_02.jpg__744x744_q85_crop_subject_location-1104%2C784_subsampling-2_upscale.jpg
West-Eastern Divan Orchestra,"KKL Luzern, Concert Hall",Sun 18.08,19.30,Daniel Barenboim,"Arnold Schoenberg (1874–1951)
Pelleas und Melisande",https://www.lucernefestival.ch/media/thumbnails/filer_public/a5/6f/a56f5697-face-4b72-91fd-3a3520419241/404-190818_19309_sommer_sk_2_west_eastern_barenboim_mutter_c_fischli_02.jpg__744x744_q85_crop_subject_location-1104%2C784_subsampling-2_upscale.jpg
West-Eastern Divan Orchestra,"KKL Luzern, Concert Hall",Sun 18.08,19.30,Anne-Sophie Mutter,"“25 Years of the West-Eastern Divan Orchestra” 
",https://www.lucernefestival.ch/media/thumbnails/filer_public/a5/6f/a56f5697-face-4b72-91fd-3a3520419241/404-190818_19309_sommer_sk_2_west_eastern_barenboim_mutter_c_fischli_02.jpg__744x744_q85_crop_subject_location-1104%2C784_subsampling-2_upscale.jpg
West-Eastern Divan Orchestra,"KKL Luzern, Concert Hall",Sun 18.08,19.30,Anne-Sophie Mutter,"Johannes Brahms (1833–1897)
",https://www.lucernefestival.ch/media/thumbnails/filer_public/a5/6f/a56f5697-face-4b72-91fd-3a3520419241/404-190818_19309_sommer_sk_2_west_eastern_barenboim_mutter_c_fischli_02.jpg__744x744_q85_crop_subject_location-1104%2C784_subsampling-2_upscale.jpg
West-Eastern Divan Orchestra,"KKL Luzern, Concert Hall",Sun 18.08,19.30,Anne-Sophie Mutter,"Arnold Schoenberg (1874–1951)
Pelleas und Melisande",https://www.lucernefestival.ch/media/thumbnails/filer_public/a5/6f/a56f5697-face-4b72-91fd-3a3520419241/404-190818_19309_sommer_sk_2_west_eastern_barenboim_mutter_c_fischli_02.jpg__744x744_q85_crop_subject_location-1104%2C784_subsampling-2_upscale.jpg
Recital Mao Fujita,"KKL Luzern, Concert Hall",Mon 19.08,19.30,Mao Fujita,"Wolfgang Amadé  Mozart (1756–1791)
",https://www.lucernefestival.ch/media/thumbnails/filer_public/61/9a/619ab420-c333-4cc8-a1b2-6fd2e89b0688/fujita_mao5_c_dovile_sermokas__sony_music_entertainmentjpg.jpg__744x744_q85_crop_subject_location-3016%2C1624_subsampling-2_upscale.jpg
Recital Mao Fujita,"KKL Luzern, Concert Hall",Mon 19.08,19.30,Mao Fujita,"Déodat de Séverac (1872–1921)
Les Fêtes",https://www.lucernefestival.ch/media/thumbnails/filer_public/61/9a/619ab420-c333-4cc8-a1b2-6fd2e89b0688/fujita_mao5_c_dovile_sermokas__sony_music_entertainmentjpg.jpg__744x744_q85_crop_subject_location-3016%2C1624_subsampling-2_upscale.jpg
Recital Mao Fujita,"KKL Luzern, Concert Hall",Mon 19.08,19.30,Mao Fujita,"Frédéric Chopin (1810–1849)
Barcarolle",https://www.lucernefestival.ch/media/thumbnails/filer_public/61/9a/619ab420-c333-4cc8-a1b2-6fd2e89b0688/fujita_mao5_c_dovile_sermokas__sony_music_entertainmentjpg.jpg__744x744_q85_crop_subject_location-3016%2C1624_subsampling-2_upscale.jpg
Recital Mao Fujita,"KKL Luzern, Concert Hall",Mon 19.08,19.30,Mao Fujita,"Sergei Prokofiev (1891–1953)
",https://www.lucernefestival.ch/media/thumbnails/filer_public/61/9a/619ab420-c333-4cc8-a1b2-6fd2e89b0688/fujita_mao5_c_dovile_sermokas__sony_music_entertainmentjpg.jpg__744x744_q85_crop_subject_location-3016%2C1624_subsampling-2_upscale.jpg
Recital Mao Fujita,"KKL Luzern, Concert Hall",Mon 19.08,19.30,Mao Fujita,"Robert Schumann (1810–1856)
Arabeske",https://www.lucernefestival.ch/media/thumbnails/filer_public/61/9a/619ab420-c333-4cc8-a1b2-6fd2e89b0688/fujita_mao5_c_dovile_sermokas__sony_music_entertainmentjpg.jpg__744x744_q85_crop_subject_location-3016%2C1624_subsampling-2_upscale.jpg
Lucerne Festival Orchestra 4,"KKL Luzern, Concert Hall",Tue 20.08,19.30,Lucerne Festival Orchestra,"Sergei Rachmaninoff (1873–1943)
",https://www.lucernefestival.ch/media/thumbnails/filer_public/cb/31/cb31e8b1-3bf5-47d5-8700-7750ba76fb0e/malofeevalexander_c_liudmilamaloteeva.jpg__744x744_q85_crop_subject_location-495%2C441_subsampling-2_upscale.jpg
Lucerne Festival Orchestra 4,"KKL Luzern, Concert Hall",Tue 20.08,19.30,Riccardo Chailly,"Sergei Rachmaninoff (1873–1943)
",https://www.lucernefestival.ch/media/thumbnails/filer_public/cb/31/cb31e8b1-3bf5-47d5-8700-7750ba76fb0e/malofeevalexander_c_liudmilamaloteeva.jpg__744x744_q85_crop_subject_location-495%2C441_subsampling-2_upscale.jpg
Lucerne Festival Orchestra 4,"KKL Luzern, Concert Hall",Tue 20.08,19.30,Alexander Malofeev,"Sergei Rachmaninoff (1873–1943)
",https://www.lucernefestival.ch/media/thumbnails/filer_public/cb/31/cb31e8b1-3bf5-47d5-8700-7750ba76fb0e/malofeevalexander_c_liudmilamaloteeva.jpg__744x744_q85_crop_subject_location-495%2C441_subsampling-2_upscale.jpg
Die Walküre,"KKL Luzern, Concert Hall",Wed 21.08,17.00,Dresden Festival Orchestra,"Richard Wagner (1813–1883)
Die Walküre",https://www.lucernefestival.ch/media/thumbnails/filer_public/92/55/9255a6e8-9273-479d-946a-55fb27c52e51/nagano-antoinesaito_approved.jpg__744x744_q85_crop_subject_location-2415%2C1622_subsampling-2_upscale.jpg
Die Walküre,"KKL Luzern, Concert Hall",Wed 21.08,17.00,Concerto Köln,"Richard Wagner (1813–1883)
Die Walküre",https://www.lucernefestival.ch/media/thumbnails/filer_public/92/55/9255a6e8-9273-479d-946a-55fb27c52e51/nagano-antoinesaito_approved.jpg__744x744_q85_crop_subject_location-2415%2C1622_subsampling-2_upscale.jpg
Die Walküre,"KKL Luzern, Concert Hall",Wed 21.08,17.00,Kent Nagano,"Richard Wagner (1813–1883)
Die Walküre",https://www.lucernefestival.ch/media/thumbnails/filer_public/92/55/9255a6e8-9273-479d-946a-55fb27c52e51/nagano-antoinesaito_approved.jpg__744x744_q85_crop_subject_location-2415%2C1622_subsampling-2_upscale.jpg
Die Walküre,"KKL Luzern, Concert Hall",Wed 21.08,17.00,Simon Bailey,"Richard Wagner (1813–1883)
Die Walküre",https://www.lucernefestival.ch/media/thumbnails/filer_public/92/55/9255a6e8-9273-479d-946a-55fb27c52e51/nagano-antoinesaito_approved.jpg__744x744_q85_crop_subject_location-2415%2C1622_subsampling-2_upscale.jpg
Die Walküre,"KKL Luzern, Concert Hall",Wed 21.08,17.00,Maximilian Schmitt,"Richard Wagner (1813–1883)
Die Walküre",https://www.lucernefestival.ch/media/thumbnails/filer_public/92/55/9255a6e8-9273-479d-946a-55fb27c52e51/nagano-antoinesaito_approved.jpg__744x744_q85_crop_subject_location-2415%2C1622_subsampling-2_upscale.jpg
Die Walküre,"KKL Luzern, Concert Hall",Wed 21.08,17.00,Sarah Wegener,"Richard Wagner (1813–1883)
Die Walküre",https://www.lucernefestival.ch/media/thumbnails/filer_public/92/55/9255a6e8-9273-479d-946a-55fb27c52e51/nagano-antoinesaito_approved.jpg__744x744_q85_crop_subject_location-2415%2C1622_subsampling-2_upscale.jpg
Die Walküre,"KKL Luzern, Concert Hall",Wed 21.08,17.00,Åsa Jäger,"Richard Wagner (1813–1883)
Die Walküre",https://www.lucernefestival.ch/media/thumbnails/filer_public/92/55/9255a6e8-9273-479d-946a-55fb27c52e51/nagano-antoinesaito_approved.jpg__744x744_q85_crop_subject_location-2415%2C1622_subsampling-2_upscale.jpg
Die Walküre,"KKL Luzern, Concert Hall",Wed 21.08,17.00,Dimitry Ivashchenko,"Richard Wagner (1813–1883)
Die Walküre",https://www.lucernefestival.ch/media/thumbnails/filer_public/92/55/9255a6e8-9273-479d-946a-55fb27c52e51/nagano-antoinesaito_approved.jpg__744x744_q85_crop_subject_location-2415%2C1622_subsampling-2_upscale.jpg
Debut Tjasha Gafner,Lukaskirche,Thu 22.08,12.15,Tjasha Gafner,"Haydn ,
",https://www.lucernefestival.ch/media/thumbnails/filer_public/34/41/3441c59d-91d8-4817-bda8-072bb04950f4/gafner_c_patrick_martin.jpg__744x744_q85_crop_subject_location-520%2C310_subsampling-2_upscale.jpg
Lucerne Symphony Orchestra,"KKL Luzern, Concert Hall",Thu 22.08,19.30,Lucerne Symphony Orchestra,"Ludwig van Beethoven (1770–1827)
",https://www.lucernefestival.ch/media/thumbnails/filer_public/e2/4f/e24fd064-7c17-4258-8958-e724dd9aea08/sanderlingmichael010_c_philippschmidliluzernersinfonieorchester.jpg__744x744_q85_crop_subject_location-2940%2C1624_subsampling-2_upscale.jpg
Lucerne Symphony Orchestra,"KKL Luzern, Concert Hall",Thu 22.08,19.30,Lucerne Symphony Orchestra,"Franz Schubert (1797–1828)
“Great”",https://www.lucernefestival.ch/media/thumbnails/filer_public/e2/4f/e24fd064-7c17-4258-8958-e724dd9aea08/sanderlingmichael010_c_philippschmidliluzernersinfonieorchester.jpg__744x744_q85_crop_subject_location-2940%2C1624_subsampling-2_upscale.jpg
Lucerne Symphony Orchestra,"KKL Luzern, Concert Hall",Thu 22.08,19.30,Michael Sanderling,"Ludwig van Beethoven (1770–1827)
",https://www.lucernefestival.ch/media/thumbnails/filer_public/e2/4f/e24fd064-7c17-4258-8958-e724dd9aea08/sanderlingmichael010_c_philippschmidliluzernersinfonieorchester.jpg__744x744_q85_crop_subject_location-2940%2C1624_subsampling-2_upscale.jpg
Lucerne Symphony Orchestra,"KKL Luzern, Concert Hall",Thu 22.08,19.30,Michael Sanderling,"Franz Schubert (1797–1828)
“Great”",https://www.lucernefestival.ch/media/thumbnails/filer_public/e2/4f/e24fd064-7c17-4258-8958-e724dd9aea08/sanderlingmichael010_c_philippschmidliluzernersinfonieorchester.jpg__744x744_q85_crop_subject_location-2940%2C1624_subsampling-2_upscale.jpg
Lucerne Symphony Orchestra,"KKL Luzern, Concert Hall",Thu 22.08,19.30,Francesco Piemontesi,"Ludwig van Beethoven (1770–1827)
",https://www.lucernefestival.ch/media/thumbnails/filer_public/e2/4f/e24fd064-7c17-4258-8958-e724dd9aea08/sanderlingmichael010_c_philippschmidliluzernersinfonieorchester.jpg__744x744_q85_crop_subject_location-2940%2C1624_subsampling-2_upscale.jpg
Lucerne Symphony Orchestra,"KKL Luzern, Concert Hall",Thu 22.08,19.30,Francesco Piemontesi,"Franz Schubert (1797–1828)
“Great”",https://www.lucernefestival.ch/media/thumbnails/filer_public/e2/4f/e24fd064-7c17-4258-8958-e724dd9aea08/sanderlingmichael010_c_philippschmidliluzernersinfonieorchester.jpg__744x744_q85_crop_subject_location-2940%2C1624_subsampling-2_upscale.jpg
Czech Philharmonic,"KKL Luzern, Concert Hall",Fri 23.08,19.30,Czech Philharmonic,"Antonín Dvořák (1841–1904)
",https://www.lucernefestival.ch/media/thumbnails/filer_public/07/fb/07fb5b62-318d-48c6-bc6b-a58e54b79cf3/sheku_song_photo_5_credit_ollie_ali.jpg__744x744_q85_crop_subject_location-2163%2C2793_subsampling-2_upscale.jpg
Czech Philharmonic,"KKL Luzern, Concert Hall",Fri 23.08,19.30,Jakub Hrůša,"Antonín Dvořák (1841–1904)
",https://www.lucernefestival.ch/media/thumbnails/filer_public/07/fb/07fb5b62-318d-48c6-bc6b-a58e54b79cf3/sheku_song_photo_5_credit_ollie_ali.jpg__744x744_q85_crop_subject_location-2163%2C2793_subsampling-2_upscale.jpg
Czech Philharmonic,"KKL Luzern, Concert Hall",Fri 23.08,19.30,Sheku Kanneh-Mason,"Antonín Dvořák (1841–1904)
",https://www.lucernefestival.ch/media/thumbnails/filer_public/07/fb/07fb5b62-318d-48c6-bc6b-a58e54b79cf3/sheku_song_photo_5_credit_ollie_ali.jpg__744x744_q85_crop_subject_location-2163%2C2793_subsampling-2_upscale.jpg
Lucerne Festival Academy 2,"KKL Luzern, Lucerne Hall",Sat 24.08,11.00,Lucerne Festival Contemporary Orchestra (LFCO),"Arnold Schoenberg (1874–1951)
",https://www.lucernefestival.ch/media/thumbnails/filer_public/2a/b2/2ab285e5-7fed-4a4b-814d-7bd4f0ea0953/ruthr-101418meyerson_ricostudios-9180.jpg__744x744_q85_crop_subject_location-2520%2C1680_subsampling-2_upscale.jpg
Lucerne Festival Academy 2,"KKL Luzern, Lucerne Hall",Sat 24.08,11.00,Lucerne Festival Contemporary Orchestra (LFCO),"Lisa Streich (*1985)
ISJHÄRTA",https://www.lucernefestival.ch/media/thumbnails/filer_public/2a/b2/2ab285e5-7fed-4a4b-814d-7bd4f0ea0953/ruthr-101418meyerson_ricostudios-9180.jpg__744x744_q85_crop_subject_location-2520%2C1680_subsampling-2_upscale.jpg
Lucerne Festival Academy 2,"KKL Luzern, Lucerne Hall",Sat 24.08,11.00,Lucerne Festival Contemporary Orchestra (LFCO),"Wolfgang Rihm (*1952)
IN-SCHRIFT",https://www.lucernefestival.ch/media/thumbnails/filer_public/2a/b2/2ab285e5-7fed-4a4b-814d-7bd4f0ea0953/ruthr-101418meyerson_ricostudios-9180.jpg__744x744_q85_crop_subject_location-2520%2C1680_subsampling-2_upscale.jpg
Lucerne Festival Academy 2,"KKL Luzern, Lucerne Hall",Sat 24.08,11.00,Lucerne Festival Contemporary Orchestra (LFCO),"Pierre Boulez (1925–2016)
Rituel in memoriam Bruno Maderna",https://www.lucernefestival.ch/media/thumbnails/filer_public/2a/b2/2ab285e5-7fed-4a4b-814d-7bd4f0ea0953/ruthr-101418meyerson_ricostudios-9180.jpg__744x744_q85_crop_subject_location-2520%2C1680_subsampling-2_upscale.jpg
Lucerne Festival Academy 2,"KKL Luzern, Lucerne Hall",Sat 24.08,11.00,Ruth Reinhardt,"Arnold Schoenberg (1874–1951)
",https://www.lucernefestival.ch/media/thumbnails/filer_public/2a/b2/2ab285e5-7fed-4a4b-814d-7bd4f0ea0953/ruthr-101418meyerson_ricostudios-9180.jpg__744x744_q85_crop_subject_location-2520%2C1680_subsampling-2_upscale.jpg
Lucerne Festival Academy 2,"KKL Luzern, Lucerne Hall",Sat 24.08,11.00,Ruth Reinhardt,"Lisa Streich (*1985)
ISJHÄRTA",https://www.lucernefestival.ch/media/thumbnails/filer_public/2a/b2/2ab285e5-7fed-4a4b-814d-7bd4f0ea0953/ruthr-101418meyerson_ricostudios-9180.jpg__744x744_q85_crop_subject_location-2520%2C1680_subsampling-2_upscale.jpg
Lucerne Festival Academy 2,"KKL Luzern, Lucerne Hall",Sat 24.08,11.00,Ruth Reinhardt,"Wolfgang Rihm (*1952)
IN-SCHRIFT",https://www.lucernefestival.ch/media/thumbnails/filer_public/2a/b2/2ab285e5-7fed-4a4b-814d-7bd4f0ea0953/ruthr-101418meyerson_ricostudios-9180.jpg__744x744_q85_crop_subject_location-2520%2C1680_subsampling-2_upscale.jpg
Lucerne Festival Academy 2,"KKL Luzern, Lucerne Hall",Sat 24.08,11.00,Ruth Reinhardt,"Pierre Boulez (1925–2016)
Rituel in memoriam Bruno Maderna",https://www.lucernefestival.ch/media/thumbnails/filer_public/2a/b2/2ab285e5-7fed-4a4b-814d-7bd4f0ea0953/ruthr-101418meyerson_ricostudios-9180.jpg__744x744_q85_crop_subject_location-2520%2C1680_subsampling-2_upscale.jpg
Lucerne Festival Orchestra 5,"KKL Luzern, Concert Hall",Sat 24.08,18.30,Lucerne Festival Orchestra,"Clara Schumann (1819–1896)
",https://www.lucernefestival.ch/media/thumbnails/filer_public/35/53/355375e0-47cc-46d3-9076-1d31b28b3a59/230819_lfo_5_nezet-seguin_c_patrickhurlimann_lucerne_festival_11.jpg__744x744_q85_crop_subject_location-2756%2C572_subsampling-2_upscale.jpg
Lucerne Festival Orchestra 5,"KKL Luzern, Concert Hall",Sat 24.08,18.30,Lucerne Festival Orchestra,"Anton Bruckner (1824–1896)
",https://www.lucernefestival.ch/media/thumbnails/filer_public/35/53/355375e0-47cc-46d3-9076-1d31b28b3a59/230819_lfo_5_nezet-seguin_c_patrickhurlimann_lucerne_festival_11.jpg__744x744_q85_crop_subject_location-2756%2C572_subsampling-2_upscale.jpg
Lucerne Festival Orchestra 5,"KKL Luzern, Concert Hall",Sat 24.08,18.30,Yannick Nézet-Séguin,"Clara Schumann (1819–1896)
",https://www.lucernefestival.ch/media/thumbnails/filer_public/35/53/355375e0-47cc-46d3-9076-1d31b28b3a59/230819_lfo_5_nezet-seguin_c_patrickhurlimann_lucerne_festival_11.jpg__744x744_q85_crop_subject_location-2756%2C572_subsampling-2_upscale.jpg
Lucerne Festival Orchestra 5,"KKL Luzern, Concert Hall",Sat 24.08,18.30,Yannick Nézet-Séguin,"Anton Bruckner (1824–1896)
",https://www.lucernefestival.ch/media/thumbnails/filer_public/35/53/355375e0-47cc-46d3-9076-1d31b28b3a59/230819_lfo_5_nezet-seguin_c_patrickhurlimann_lucerne_festival_11.jpg__744x744_q85_crop_subject_location-2756%2C572_subsampling-2_upscale.jpg
Lucerne Festival Orchestra 5,"KKL Luzern, Concert Hall",Sat 24.08,18.30,Beatrice Rana,"Clara Schumann (1819–1896)
",https://www.lucernefestival.ch/media/thumbnails/filer_public/35/53/355375e0-47cc-46d3-9076-1d31b28b3a59/230819_lfo_5_nezet-seguin_c_patrickhurlimann_lucerne_festival_11.jpg__744x744_q85_crop_subject_location-2756%2C572_subsampling-2_upscale.jpg
Lucerne Festival Orchestra 5,"KKL Luzern, Concert Hall",Sat 24.08,18.30,Beatrice Rana,"Anton Bruckner (1824–1896)
",https://www.lucernefestival.ch/media/thumbnails/filer_public/35/53/355375e0-47cc-46d3-9076-1d31b28b3a59/230819_lfo_5_nezet-seguin_c_patrickhurlimann_lucerne_festival_11.jpg__744x744_q85_crop_subject_location-2756%2C572_subsampling-2_upscale.jpg
Sheku Kanneh-Mason & Plínio Fernandes,"Luzerner Theater, Theatersaal",Sat 24.08,21.30,Sheku Kanneh-Mason,"Heitor Villa-Lobos (1887–1959)
Aria (Cantilena)",https://www.lucernefestival.ch/media/thumbnails/filer_public/4b/96/4b96ba16-a0c4-4f06-8a89-afc3f8b9567c/sheku_song_photo_4_credit_ollie_ali.jpg__744x744_q85_crop_subject_location-2163%2C2814_subsampling-2_upscale.jpg
Sheku Kanneh-Mason & Plínio Fernandes,"Luzerner Theater, Theatersaal",Sat 24.08,21.30,Sheku Kanneh-Mason,"Radamés Gnattali (1906–1988)
",https://www.lucernefestival.ch/media/thumbnails/filer_public/4b/96/4b96ba16-a0c4-4f06-8a89-afc3f8b9567c/sheku_song_photo_4_credit_ollie_ali.jpg__744x744_q85_crop_subject_location-2163%2C2814_subsampling-2_upscale.jpg
Sheku Kanneh-Mason & Plínio Fernandes,"Luzerner Theater, Theatersaal",Sat 24.08,21.30,Sheku Kanneh-Mason,"Leo Brouwer (*1939)
The Magic Space",https://www.lucernefestival.ch/media/thumbnails/filer_public/4b/96/4b96ba16-a0c4-4f06-8a89-afc3f8b9567c/sheku_song_photo_4_credit_ollie_ali.jpg__744x744_q85_crop_subject_location-2163%2C2814_subsampling-2_upscale.jpg
Sheku Kanneh-Mason & Plínio Fernandes,"Luzerner Theater, Theatersaal",Sat 24.08,21.30,Sheku Kanneh-Mason,"Rafael Marino Arcaro (*1990)
Élégie à une mémoire oubliée",https://www.lucernefestival.ch/media/thumbnails/filer_public/4b/96/4b96ba16-a0c4-4f06-8a89-afc3f8b9567c/sheku_song_photo_4_credit_ollie_ali.jpg__744x744_q85_crop_subject_location-2163%2C2814_subsampling-2_upscale.jpg
Sheku Kanneh-Mason & Plínio Fernandes,"Luzerner Theater, Theatersaal",Sat 24.08,21.30,Sheku Kanneh-Mason,"Astor Piazzolla (1921–1992)
Café 1930",https://www.lucernefestival.ch/media/thumbnails/filer_public/4b/96/4b96ba16-a0c4-4f06-8a89-afc3f8b9567c/sheku_song_photo_4_credit_ollie_ali.jpg__744x744_q85_crop_subject_location-2163%2C2814_subsampling-2_upscale.jpg
Sheku Kanneh-Mason & Plínio Fernandes,"Luzerner Theater, Theatersaal",Sat 24.08,21.30,Plínio Fernandes,"Heitor Villa-Lobos (1887–1959)
Aria (Cantilena)",https://www.lucernefestival.ch/media/thumbnails/filer_public/4b/96/4b96ba16-a0c4-4f06-8a89-afc3f8b9567c/sheku_song_photo_4_credit_ollie_ali.jpg__744x744_q85_crop_subject_location-2163%2C2814_subsampling-2_upscale.jpg
Sheku Kanneh-Mason & Plínio Fernandes,"Luzerner Theater, Theatersaal",Sat 24.08,21.30,Plínio Fernandes,"Radamés Gnattali (1906–1988)
",https://www.lucernefestival.ch/media/thumbnails/filer_public/4b/96/4b96ba16-a0c4-4f06-8a89-afc3f8b9567c/sheku_song_photo_4_credit_ollie_ali.jpg__744x744_q85_crop_subject_location-2163%2C2814_subsampling-2_upscale.jpg
Sheku Kanneh-Mason & Plínio Fernandes,"Luzerner Theater, Theatersaal",Sat 24.08,21.30,Plínio Fernandes,"Leo Brouwer (*1939)
The Magic Space",https://www.lucernefestival.ch/media/thumbnails/filer_public/4b/96/4b96ba16-a0c4-4f06-8a89-afc3f8b9567c/sheku_song_photo_4_credit_ollie_ali.jpg__744x744_q85_crop_subject_location-2163%2C2814_subsampling-2_upscale.jpg
Sheku Kanneh-Mason & Plínio Fernandes,"Luzerner Theater, Theatersaal",Sat 24.08,21.30,Plínio Fernandes,"Rafael Marino Arcaro (*1990)
Élégie à une mémoire oubliée",https://www.lucernefestival.ch/media/thumbnails/filer_public/4b/96/4b96ba16-a0c4-4f06-8a89-afc3f8b9567c/sheku_song_photo_4_credit_ollie_ali.jpg__744x744_q85_crop_subject_location-2163%2C2814_subsampling-2_upscale.jpg
Sheku Kanneh-Mason & Plínio Fernandes,"Luzerner Theater, Theatersaal",Sat 24.08,21.30,Plínio Fernandes,"Astor Piazzolla (1921–1992)
Café 1930",https://www.lucernefestival.ch/media/thumbnails/filer_public/4b/96/4b96ba16-a0c4-4f06-8a89-afc3f8b9567c/sheku_song_photo_4_credit_ollie_ali.jpg__744x744_q85_crop_subject_location-2163%2C2814_subsampling-2_upscale.jpg
Rotterdam Philharmonic Orchestra,"KKL Luzern, Concert Hall",Sun 25.08,18.30,Rotterdam Philharmonic Orchestra,"Felix Mendelssohn (1809–1847)
Calm Sea and Prosperous Voyage.",https://www.lucernefestival.ch/media/thumbnails/filer_public/5d/2d/5d2dddf5-4f48-4885-937d-ecfaf0efbc7a/shani_lahav__rpho_3__guido_pijper.jpg__744x744_q85_crop_subject_location-936%2C594_subsampling-2_upscale.jpg
Rotterdam Philharmonic Orchestra,"KKL Luzern, Concert Hall",Sun 25.08,18.30,Rotterdam Philharmonic Orchestra,"Wolfgang Amadé  Mozart (1756–1791)
",https://www.lucernefestival.ch/media/thumbnails/filer_public/5d/2d/5d2dddf5-4f48-4885-937d-ecfaf0efbc7a/shani_lahav__rpho_3__guido_pijper.jpg__744x744_q85_crop_subject_location-936%2C594_subsampling-2_upscale.jpg
Rotterdam Philharmonic Orchestra,"KKL Luzern, Concert Hall",Sun 25.08,18.30,Rotterdam Philharmonic Orchestra,"Claude Debussy (1862–1918)
La Mer",https://www.lucernefestival.ch/media/thumbnails/filer_public/5d/2d/5d2dddf5-4f48-4885-937d-ecfaf0efbc7a/shani_lahav__rpho_3__guido_pijper.jpg__744x744_q85_crop_subject_location-936%2C594_subsampling-2_upscale.jpg
Rotterdam Philharmonic Orchestra,"KKL Luzern, Concert Hall",Sun 25.08,18.30,Rotterdam Philharmonic Orchestra,"Maurice Ravel (1875–1937)
La Valse",https://www.lucernefestival.ch/media/thumbnails/filer_public/5d/2d/5d2dddf5-4f48-4885-937d-ecfaf0efbc7a/shani_lahav__rpho_3__guido_pijper.jpg__744x744_q85_crop_subject_location-936%2C594_subsampling-2_upscale.jpg
Rotterdam Philharmonic Orchestra,"KKL Luzern, Concert Hall",Sun 25.08,18.30,Lahav Shani,"Felix Mendelssohn (1809–1847)
Calm Sea and Prosperous Voyage.",https://www.lucernefestival.ch/media/thumbnails/filer_public/5d/2d/5d2dddf5-4f48-4885-937d-ecfaf0efbc7a/shani_lahav__rpho_3__guido_pijper.jpg__744x744_q85_crop_subject_location-936%2C594_subsampling-2_upscale.jpg
Rotterdam Philharmonic Orchestra,"KKL Luzern, Concert Hall",Sun 25.08,18.30,Lahav Shani,"Wolfgang Amadé  Mozart (1756–1791)
",https://www.lucernefestival.ch/media/thumbnails/filer_public/5d/2d/5d2dddf5-4f48-4885-937d-ecfaf0efbc7a/shani_lahav__rpho_3__guido_pijper.jpg__744x744_q85_crop_subject_location-936%2C594_subsampling-2_upscale.jpg
Rotterdam Philharmonic Orchestra,"KKL Luzern, Concert Hall",Sun 25.08,18.30,Lahav Shani,"Claude Debussy (1862–1918)
La Mer",https://www.lucernefestival.ch/media/thumbnails/filer_public/5d/2d/5d2dddf5-4f48-4885-937d-ecfaf0efbc7a/shani_lahav__rpho_3__guido_pijper.jpg__744x744_q85_crop_subject_location-936%2C594_subsampling-2_upscale.jpg
Rotterdam Philharmonic Orchestra,"KKL Luzern, Concert Hall",Sun 25.08,18.30,Lahav Shani,"Maurice Ravel (1875–1937)
La Valse",https://www.lucernefestival.ch/media/thumbnails/filer_public/5d/2d/5d2dddf5-4f48-4885-937d-ecfaf0efbc7a/shani_lahav__rpho_3__guido_pijper.jpg__744x744_q85_crop_subject_location-936%2C594_subsampling-2_upscale.jpg
Rotterdam Philharmonic Orchestra,"KKL Luzern, Concert Hall",Sun 25.08,18.30,Lisa Batiashvili,"Felix Mendelssohn (1809–1847)
Calm Sea and Prosperous Voyage.",https://www.lucernefestival.ch/media/thumbnails/filer_public/5d/2d/5d2dddf5-4f48-4885-937d-ecfaf0efbc7a/shani_lahav__rpho_3__guido_pijper.jpg__744x744_q85_crop_subject_location-936%2C594_subsampling-2_upscale.jpg
Rotterdam Philharmonic Orchestra,"KKL Luzern, Concert Hall",Sun 25.08,18.30,Lisa Batiashvili,"Wolfgang Amadé  Mozart (1756–1791)
",https://www.lucernefestival.ch/media/thumbnails/filer_public/5d/2d/5d2dddf5-4f48-4885-937d-ecfaf0efbc7a/shani_lahav__rpho_3__guido_pijper.jpg__744x744_q85_crop_subject_location-936%2C594_subsampling-2_upscale.jpg
Rotterdam Philharmonic Orchestra,"KKL Luzern, Concert Hall",Sun 25.08,18.30,Lisa Batiashvili,"Claude Debussy (1862–1918)
La Mer",https://www.lucernefestival.ch/media/thumbnails/filer_public/5d/2d/5d2dddf5-4f48-4885-937d-ecfaf0efbc7a/shani_lahav__rpho_3__guido_pijper.jpg__744x744_q85_crop_subject_location-936%2C594_subsampling-2_upscale.jpg
Rotterdam Philharmonic Orchestra,"KKL Luzern, Concert Hall",Sun 25.08,18.30,Lisa Batiashvili,"Maurice Ravel (1875–1937)
La Valse",https://www.lucernefestival.ch/media/thumbnails/filer_public/5d/2d/5d2dddf5-4f48-4885-937d-ecfaf0efbc7a/shani_lahav__rpho_3__guido_pijper.jpg__744x744_q85_crop_subject_location-936%2C594_subsampling-2_upscale.jpg
The 12 Cellists of the Berliner Philharmoniker,"KKL Luzern, Concert Hall",Tue 27.08,19.30,The 12 Cellists  of the Berliner Philharmoniker,"Felix Mendelssohn (1809–1847)
Hebe deine Augen",https://www.lucernefestival.ch/media/thumbnails/filer_public/f4/5f/f45f4ccf-6001-4f68-970a-2e63e3cd8463/die-12-cellisten-c_stephanrohl.jpg__744x744_q85_crop_subject_location-735%2C490_subsampling-2_upscale.jpg
The 12 Cellists of the Berliner Philharmoniker,"KKL Luzern, Concert Hall",Tue 27.08,19.30,The 12 Cellists  of the Berliner Philharmoniker,"Gabriel Fauré (1845–1924)
Berceuse",https://www.lucernefestival.ch/media/thumbnails/filer_public/f4/5f/f45f4ccf-6001-4f68-970a-2e63e3cd8463/die-12-cellisten-c_stephanrohl.jpg__744x744_q85_crop_subject_location-735%2C490_subsampling-2_upscale.jpg
The 12 Cellists of the Berliner Philharmoniker,"KKL Luzern, Concert Hall",Tue 27.08,19.30,The 12 Cellists  of the Berliner Philharmoniker,"Francis Poulenc (1899–1963)
Figure humaine",https://www.lucernefestival.ch/media/thumbnails/filer_public/f4/5f/f45f4ccf-6001-4f68-970a-2e63e3cd8463/die-12-cellisten-c_stephanrohl.jpg__744x744_q85_crop_subject_location-735%2C490_subsampling-2_upscale.jpg
The 12 Cellists of the Berliner Philharmoniker,"KKL Luzern, Concert Hall",Tue 27.08,19.30,The 12 Cellists  of the Berliner Philharmoniker,"Sebastian Currier (*1959)
Spark",https://www.lucernefestival.ch/media/thumbnails/filer_public/f4/5f/f45f4ccf-6001-4f68-970a-2e63e3cd8463/die-12-cellisten-c_stephanrohl.jpg__744x744_q85_crop_subject_location-735%2C490_subsampling-2_upscale.jpg
The 12 Cellists of the Berliner Philharmoniker,"KKL Luzern, Concert Hall",Tue 27.08,19.30,The 12 Cellists  of the Berliner Philharmoniker,"Antonín Dvořák (1841–1904)
Humoresque",https://www.lucernefestival.ch/media/thumbnails/filer_public/f4/5f/f45f4ccf-6001-4f68-970a-2e63e3cd8463/die-12-cellisten-c_stephanrohl.jpg__744x744_q85_crop_subject_location-735%2C490_subsampling-2_upscale.jpg
The 12 Cellists of the Berliner Philharmoniker,"KKL Luzern, Concert Hall",Tue 27.08,19.30,The 12 Cellists  of the Berliner Philharmoniker,"Jerry Goldsmith (1929–2004)
Basic Instinct",https://www.lucernefestival.ch/media/thumbnails/filer_public/f4/5f/f45f4ccf-6001-4f68-970a-2e63e3cd8463/die-12-cellisten-c_stephanrohl.jpg__744x744_q85_crop_subject_location-735%2C490_subsampling-2_upscale.jpg
The 12 Cellists of the Berliner Philharmoniker,"KKL Luzern, Concert Hall",Tue 27.08,19.30,The 12 Cellists  of the Berliner Philharmoniker,"John Williams (*1932)
Catch Me If You Can",https://www.lucernefestival.ch/media/thumbnails/filer_public/f4/5f/f45f4ccf-6001-4f68-970a-2e63e3cd8463/die-12-cellisten-c_stephanrohl.jpg__744x744_q85_crop_subject_location-735%2C490_subsampling-2_upscale.jpg
The 12 Cellists of the Berliner Philharmoniker,"KKL Luzern, Concert Hall",Tue 27.08,19.30,The 12 Cellists  of the Berliner Philharmoniker,"James Horner (1953–2015)
Titanic",https://www.lucernefestival.ch/media/thumbnails/filer_public/f4/5f/f45f4ccf-6001-4f68-970a-2e63e3cd8463/die-12-cellisten-c_stephanrohl.jpg__744x744_q85_crop_subject_location-735%2C490_subsampling-2_upscale.jpg
The 12 Cellists of the Berliner Philharmoniker,"KKL Luzern, Concert Hall",Tue 27.08,19.30,The 12 Cellists  of the Berliner Philharmoniker,"Herman Hupfeld (1894–1951)
As Time Goes By",https://www.lucernefestival.ch/media/thumbnails/filer_public/f4/5f/f45f4ccf-6001-4f68-970a-2e63e3cd8463/die-12-cellisten-c_stephanrohl.jpg__744x744_q85_crop_subject_location-735%2C490_subsampling-2_upscale.jpg
The 12 Cellists of the Berliner Philharmoniker,"KKL Luzern, Concert Hall",Tue 27.08,19.30,The 12 Cellists  of the Berliner Philharmoniker,"Shigeaki Saegusa (*1942)
Ragtime",https://www.lucernefestival.ch/media/thumbnails/filer_public/f4/5f/f45f4ccf-6001-4f68-970a-2e63e3cd8463/die-12-cellisten-c_stephanrohl.jpg__744x744_q85_crop_subject_location-735%2C490_subsampling-2_upscale.jpg
The 12 Cellists of the Berliner Philharmoniker,"KKL Luzern, Concert Hall",Tue 27.08,19.30,The 12 Cellists  of the Berliner Philharmoniker,"Astor Piazzolla (1921–1992)
Milonga del ángel",https://www.lucernefestival.ch/media/thumbnails/filer_public/f4/5f/f45f4ccf-6001-4f68-970a-2e63e3cd8463/die-12-cellisten-c_stephanrohl.jpg__744x744_q85_crop_subject_location-735%2C490_subsampling-2_upscale.jpg
Berliner Philharmoniker 1,"KKL Luzern, Concert Hall",Wed 28.08,19.30,Berliner Philharmoniker,"Anton Bruckner (1824–1896)
",https://www.lucernefestival.ch/media/thumbnails/filer_public/ca/67/ca67900f-9327-4962-956f-ac5179a372bf/petrenko_bphil_kp_monikarittershaus.jpg__744x744_q85_crop_subject_location-2415%2C1610_subsampling-2_upscale.jpg
Berliner Philharmoniker 1,"KKL Luzern, Concert Hall",Wed 28.08,19.30,Kirill Petrenko,"Anton Bruckner (1824–1896)
",https://www.lucernefestival.ch/media/thumbnails/filer_public/ca/67/ca67900f-9327-4962-956f-ac5179a372bf/petrenko_bphil_kp_monikarittershaus.jpg__744x744_q85_crop_subject_location-2415%2C1610_subsampling-2_upscale.jpg
Debut Annemarie Federle,Lukaskirche,Thu 29.08,12.15,Annemarie Federle,"Benjamin Britten (1913–1976)
Prologue",https://www.lucernefestival.ch/media/thumbnails/filer_public/a1/95/a195bd0c-c0d3-4fd6-a6d1-f6b8145fc7a6/federleannemarie_c_fabiodepaola.jpeg__744x744_crop_subject_location-2185%2C1539_subsampling-2_upscale.jpeg
Debut Annemarie Federle,Lukaskirche,Thu 29.08,12.15,Annemarie Federle,"Franz Strauss (1822–1905)
",https://www.lucernefestival.ch/media/thumbnails/filer_public/a1/95/a195bd0c-c0d3-4fd6-a6d1-f6b8145fc7a6/federleannemarie_c_fabiodepaola.jpeg__744x744_crop_subject_location-2185%2C1539_subsampling-2_upscale.jpeg
Debut Annemarie Federle,Lukaskirche,Thu 29.08,12.15,Annemarie Federle,"Volker David Kirchner (1942–2020)
Tre poemi",https://www.lucernefestival.ch/media/thumbnails/filer_public/a1/95/a195bd0c-c0d3-4fd6-a6d1-f6b8145fc7a6/federleannemarie_c_fabiodepaola.jpeg__744x744_crop_subject_location-2185%2C1539_subsampling-2_upscale.jpeg
Debut Annemarie Federle,Lukaskirche,Thu 29.08,12.15,Annemarie Federle,"Jane Vignery (1913–1974)
",https://www.lucernefestival.ch/media/thumbnails/filer_public/a1/95/a195bd0c-c0d3-4fd6-a6d1-f6b8145fc7a6/federleannemarie_c_fabiodepaola.jpeg__744x744_crop_subject_location-2185%2C1539_subsampling-2_upscale.jpeg
Debut Annemarie Federle,Lukaskirche,Thu 29.08,12.15,Annemarie Federle,"Benjamin Britten (1913–1976)
Epilogue",https://www.lucernefestival.ch/media/thumbnails/filer_public/a1/95/a195bd0c-c0d3-4fd6-a6d1-f6b8145fc7a6/federleannemarie_c_fabiodepaola.jpeg__744x744_crop_subject_location-2185%2C1539_subsampling-2_upscale.jpeg
Debut Annemarie Federle,Lukaskirche,Thu 29.08,12.15,Junyan Chen,"Benjamin Britten (1913–1976)
Prologue",https://www.lucernefestival.ch/media/thumbnails/filer_public/a1/95/a195bd0c-c0d3-4fd6-a6d1-f6b8145fc7a6/federleannemarie_c_fabiodepaola.jpeg__744x744_crop_subject_location-2185%2C1539_subsampling-2_upscale.jpeg
Debut Annemarie Federle,Lukaskirche,Thu 29.08,12.15,Junyan Chen,"Franz Strauss (1822–1905)
",https://www.lucernefestival.ch/media/thumbnails/filer_public/a1/95/a195bd0c-c0d3-4fd6-a6d1-f6b8145fc7a6/federleannemarie_c_fabiodepaola.jpeg__744x744_crop_subject_location-2185%2C1539_subsampling-2_upscale.jpeg
Debut Annemarie Federle,Lukaskirche,Thu 29.08,12.15,Junyan Chen,"Volker David Kirchner (1942–2020)
Tre poemi",https://www.lucernefestival.ch/media/thumbnails/filer_public/a1/95/a195bd0c-c0d3-4fd6-a6d1-f6b8145fc7a6/federleannemarie_c_fabiodepaola.jpeg__744x744_crop_subject_location-2185%2C1539_subsampling-2_upscale.jpeg
Debut Annemarie Federle,Lukaskirche,Thu 29.08,12.15,Junyan Chen,"Jane Vignery (1913–1974)
",https://www.lucernefestival.ch/media/thumbnails/filer_public/a1/95/a195bd0c-c0d3-4fd6-a6d1-f6b8145fc7a6/federleannemarie_c_fabiodepaola.jpeg__744x744_crop_subject_location-2185%2C1539_subsampling-2_upscale.jpeg
Debut Annemarie Federle,Lukaskirche,Thu 29.08,12.15,Junyan Chen,"Benjamin Britten (1913–1976)
Epilogue",https://www.lucernefestival.ch/media/thumbnails/filer_public/a1/95/a195bd0c-c0d3-4fd6-a6d1-f6b8145fc7a6/federleannemarie_c_fabiodepaola.jpeg__744x744_crop_subject_location-2185%2C1539_subsampling-2_upscale.jpeg
Berliner Philharmoniker 2,"KKL Luzern, Concert Hall",Thu 29.08,19.30,Berliner Philharmoniker,"Bedřich Smetana (1824–1884)
Má vlast",https://www.lucernefestival.ch/media/thumbnails/filer_public/df/02/df025c59-37de-4edf-a1a9-4b07bc9709f6/03-19_prom_66_cr_bbc_chris_christodoulou_1.jpg__744x744_q85_crop_subject_location-945%2C630_subsampling-2_upscale.jpg
Berliner Philharmoniker 2,"KKL Luzern, Concert Hall",Thu 29.08,19.30,Kirill Petrenko,"Bedřich Smetana (1824–1884)
Má vlast",https://www.lucernefestival.ch/media/thumbnails/filer_public/df/02/df025c59-37de-4edf-a1a9-4b07bc9709f6/03-19_prom_66_cr_bbc_chris_christodoulou_1.jpg__744x744_q85_crop_subject_location-945%2C630_subsampling-2_upscale.jpg
Royal Concertgebouw Orchestra,"KKL Luzern, Concert Hall",Fri 30.08,19.30,Royal Concertgebouw Orchestra,"Carl Maria von Weber (1786–1826)
Der Freischütz",https://www.lucernefestival.ch/media/thumbnails/filer_public/7e/11/7e11de7f-caf3-4c45-8329-58dd7259ae2a/lb_4441.jpg__744x744_q85_crop_subject_location-2142%2C1407_subsampling-2_upscale.jpg
Royal Concertgebouw Orchestra,"KKL Luzern, Concert Hall",Fri 30.08,19.30,Royal Concertgebouw Orchestra,"Ludwig van Beethoven (1770–1827)
",https://www.lucernefestival.ch/media/thumbnails/filer_public/7e/11/7e11de7f-caf3-4c45-8329-58dd7259ae2a/lb_4441.jpg__744x744_q85_crop_subject_location-2142%2C1407_subsampling-2_upscale.jpg
Royal Concertgebouw Orchestra,"KKL Luzern, Concert Hall",Fri 30.08,19.30,Royal Concertgebouw Orchestra,"Gabriel Fauré (1845–1924)
Pelléas et Mélisande.",https://www.lucernefestival.ch/media/thumbnails/filer_public/7e/11/7e11de7f-caf3-4c45-8329-58dd7259ae2a/lb_4441.jpg__744x744_q85_crop_subject_location-2142%2C1407_subsampling-2_upscale.jpg
Royal Concertgebouw Orchestra,"KKL Luzern, Concert Hall",Fri 30.08,19.30,Royal Concertgebouw Orchestra,"Maurice Ravel (1875–1937)
Daphnis et Chloé",https://www.lucernefestival.ch/media/thumbnails/filer_public/7e/11/7e11de7f-caf3-4c45-8329-58dd7259ae2a/lb_4441.jpg__744x744_q85_crop_subject_location-2142%2C1407_subsampling-2_upscale.jpg
Royal Concertgebouw Orchestra,"KKL Luzern, Concert Hall",Fri 30.08,19.30,Myung-Whun Chung,"Carl Maria von Weber (1786–1826)
Der Freischütz",https://www.lucernefestival.ch/media/thumbnails/filer_public/7e/11/7e11de7f-caf3-4c45-8329-58dd7259ae2a/lb_4441.jpg__744x744_q85_crop_subject_location-2142%2C1407_subsampling-2_upscale.jpg
Royal Concertgebouw Orchestra,"KKL Luzern, Concert Hall",Fri 30.08,19.30,Myung-Whun Chung,"Ludwig van Beethoven (1770–1827)
",https://www.lucernefestival.ch/media/thumbnails/filer_public/7e/11/7e11de7f-caf3-4c45-8329-58dd7259ae2a/lb_4441.jpg__744x744_q85_crop_subject_location-2142%2C1407_subsampling-2_upscale.jpg
Royal Concertgebouw Orchestra,"KKL Luzern, Concert Hall",Fri 30.08,19.30,Myung-Whun Chung,"Gabriel Fauré (1845–1924)
Pelléas et Mélisande.",https://www.lucernefestival.ch/media/thumbnails/filer_public/7e/11/7e11de7f-caf3-4c45-8329-58dd7259ae2a/lb_4441.jpg__744x744_q85_crop_subject_location-2142%2C1407_subsampling-2_upscale.jpg
Royal Concertgebouw Orchestra,"KKL Luzern, Concert Hall",Fri 30.08,19.30,Myung-Whun Chung,"Maurice Ravel (1875–1937)
Daphnis et Chloé",https://www.lucernefestival.ch/media/thumbnails/filer_public/7e/11/7e11de7f-caf3-4c45-8329-58dd7259ae2a/lb_4441.jpg__744x744_q85_crop_subject_location-2142%2C1407_subsampling-2_upscale.jpg
Royal Concertgebouw Orchestra,"KKL Luzern, Concert Hall",Fri 30.08,19.30,Sir András Schiff,"Carl Maria von Weber (1786–1826)
Der Freischütz",https://www.lucernefestival.ch/media/thumbnails/filer_public/7e/11/7e11de7f-caf3-4c45-8329-58dd7259ae2a/lb_4441.jpg__744x744_q85_crop_subject_location-2142%2C1407_subsampling-2_upscale.jpg
Royal Concertgebouw Orchestra,"KKL Luzern, Concert Hall",Fri 30.08,19.30,Sir András Schiff,"Ludwig van Beethoven (1770–1827)
",https://www.lucernefestival.ch/media/thumbnails/filer_public/7e/11/7e11de7f-caf3-4c45-8329-58dd7259ae2a/lb_4441.jpg__744x744_q85_crop_subject_location-2142%2C1407_subsampling-2_upscale.jpg
Royal Concertgebouw Orchestra,"KKL Luzern, Concert Hall",Fri 30.08,19.30,Sir András Schiff,"Gabriel Fauré (1845–1924)
Pelléas et Mélisande.",https://www.lucernefestival.ch/media/thumbnails/filer_public/7e/11/7e11de7f-caf3-4c45-8329-58dd7259ae2a/lb_4441.jpg__744x744_q85_crop_subject_location-2142%2C1407_subsampling-2_upscale.jpg
Royal Concertgebouw Orchestra,"KKL Luzern, Concert Hall",Fri 30.08,19.30,Sir András Schiff,"Maurice Ravel (1875–1937)
Daphnis et Chloé",https://www.lucernefestival.ch/media/thumbnails/filer_public/7e/11/7e11de7f-caf3-4c45-8329-58dd7259ae2a/lb_4441.jpg__744x744_q85_crop_subject_location-2142%2C1407_subsampling-2_upscale.jpg
Recital Sheku Kanneh-Mason,"Lukaskirche, Kirchensaal",Sat 31.08,16.00,Sheku Kanneh-Mason,"Johann Sebastian Bach to
",https://www.lucernefestival.ch/media/thumbnails/filer_public/28/65/2865c1a9-818e-4c9a-986e-da2a1e4469a8/sheku_song_photo_3_credit_ollie_ali.jpg__744x744_q85_crop_subject_location-2205%2C3308_subsampling-2_upscale.jpg
Recital Sheku Kanneh-Mason,"Lukaskirche, Kirchensaal",Sat 31.08,16.00,Harry Baker,"Johann Sebastian Bach to
",https://www.lucernefestival.ch/media/thumbnails/filer_public/28/65/2865c1a9-818e-4c9a-986e-da2a1e4469a8/sheku_song_photo_3_credit_ollie_ali.jpg__744x744_q85_crop_subject_location-2205%2C3308_subsampling-2_upscale.jpg
Lucerne Festival Academy 3,"KKL Luzern, Concert Hall",Sat 31.08,19.30,Lucerne Festival Contemporary Orchestra (LFCO),"Beat Furrer (*1954)
",https://www.lucernefestival.ch/media/thumbnails/filer_public/f1/6a/f16ad071-202a-4be5-b64e-84a9150e62fc/furrer_beat_9_c_manutheobald.jpg__744x744_q85_crop_subject_location-1456%2C1834_subsampling-2_upscale.jpg
Lucerne Festival Academy 3,"KKL Luzern, Concert Hall",Sat 31.08,19.30,Lucerne Festival Contemporary Orchestra (LFCO),"Lisa Streich (*1985)
",https://www.lucernefestival.ch/media/thumbnails/filer_public/f1/6a/f16ad071-202a-4be5-b64e-84a9150e62fc/furrer_beat_9_c_manutheobald.jpg__744x744_q85_crop_subject_location-1456%2C1834_subsampling-2_upscale.jpg
Lucerne Festival Academy 3,"KKL Luzern, Concert Hall",Sat 31.08,19.30,Lucerne Festival Contemporary Orchestra (LFCO),"Morton Feldman (1926–1987)
Coptic Light",https://www.lucernefestival.ch/media/thumbnails/filer_public/f1/6a/f16ad071-202a-4be5-b64e-84a9150e62fc/furrer_beat_9_c_manutheobald.jpg__744x744_q85_crop_subject_location-1456%2C1834_subsampling-2_upscale.jpg
Lucerne Festival Academy 3,"KKL Luzern, Concert Hall",Sat 31.08,19.30,Beat Furrer,"Beat Furrer (*1954)
",https://www.lucernefestival.ch/media/thumbnails/filer_public/f1/6a/f16ad071-202a-4be5-b64e-84a9150e62fc/furrer_beat_9_c_manutheobald.jpg__744x744_q85_crop_subject_location-1456%2C1834_subsampling-2_upscale.jpg
Lucerne Festival Academy 3,"KKL Luzern, Concert Hall",Sat 31.08,19.30,Beat Furrer,"Lisa Streich (*1985)
",https://www.lucernefestival.ch/media/thumbnails/filer_public/f1/6a/f16ad071-202a-4be5-b64e-84a9150e62fc/furrer_beat_9_c_manutheobald.jpg__744x744_q85_crop_subject_location-1456%2C1834_subsampling-2_upscale.jpg
Lucerne Festival Academy 3,"KKL Luzern, Concert Hall",Sat 31.08,19.30,Beat Furrer,"Morton Feldman (1926–1987)
Coptic Light",https://www.lucernefestival.ch/media/thumbnails/filer_public/f1/6a/f16ad071-202a-4be5-b64e-84a9150e62fc/furrer_beat_9_c_manutheobald.jpg__744x744_q85_crop_subject_location-1456%2C1834_subsampling-2_upscale.jpg
Lucerne Festival Academy 3,"KKL Luzern, Concert Hall",Sat 31.08,19.30,Simon Höfele,"Beat Furrer (*1954)
",https://www.lucernefestival.ch/media/thumbnails/filer_public/f1/6a/f16ad071-202a-4be5-b64e-84a9150e62fc/furrer_beat_9_c_manutheobald.jpg__744x744_q85_crop_subject_location-1456%2C1834_subsampling-2_upscale.jpg
Lucerne Festival Academy 3,"KKL Luzern, Concert Hall",Sat 31.08,19.30,Simon Höfele,"Lisa Streich (*1985)
",https://www.lucernefestival.ch/media/thumbnails/filer_public/f1/6a/f16ad071-202a-4be5-b64e-84a9150e62fc/furrer_beat_9_c_manutheobald.jpg__744x744_q85_crop_subject_location-1456%2C1834_subsampling-2_upscale.jpg
Lucerne Festival Academy 3,"KKL Luzern, Concert Hall",Sat 31.08,19.30,Simon Höfele,"Morton Feldman (1926–1987)
Coptic Light",https://www.lucernefestival.ch/media/thumbnails/filer_public/f1/6a/f16ad071-202a-4be5-b64e-84a9150e62fc/furrer_beat_9_c_manutheobald.jpg__744x744_q85_crop_subject_location-1456%2C1834_subsampling-2_upscale.jpg
Recital Anna Vinnitskaya,"KKL Luzern, Concert Hall",Sun 01.09,11.00,Anna Vinnitskaya,"Felix Mendelssohn (1809–1847)
Song without Word",https://www.lucernefestival.ch/media/thumbnails/filer_public/5c/10/5c1024f0-7cd9-4de9-b433-a9e15eaea289/anna_vinnitskaya_7337_full_c_bjoernkadenbach.jpg__744x744_q85_crop_subject_location-2940%2C1680_subsampling-2_upscale.jpg
Recital Anna Vinnitskaya,"KKL Luzern, Concert Hall",Sun 01.09,11.00,Anna Vinnitskaya,"Jörg Widmann (*1973)
Circus Dances",https://www.lucernefestival.ch/media/thumbnails/filer_public/5c/10/5c1024f0-7cd9-4de9-b433-a9e15eaea289/anna_vinnitskaya_7337_full_c_bjoernkadenbach.jpg__744x744_q85_crop_subject_location-2940%2C1680_subsampling-2_upscale.jpg
Recital Anna Vinnitskaya,"KKL Luzern, Concert Hall",Sun 01.09,11.00,Anna Vinnitskaya,"Robert Schumann (1810–1856)
Carnaval.",https://www.lucernefestival.ch/media/thumbnails/filer_public/5c/10/5c1024f0-7cd9-4de9-b433-a9e15eaea289/anna_vinnitskaya_7337_full_c_bjoernkadenbach.jpg__744x744_q85_crop_subject_location-2940%2C1680_subsampling-2_upscale.jpg
Klangforum Wien,"Luzerner Theater, Theatersaal",Sun 01.09,16.00,Klangforum Wien,"Beat Furrer (*1954)
Begehren",https://www.lucernefestival.ch/media/thumbnails/filer_public/c6/68/c668c38f-55e4-4c4c-af08-ab210023ea37/klangforumwien_c_klangforumat.jpeg__744x744_crop_subject_location-945%2C846_subsampling-2_upscale.jpeg
Klangforum Wien,"Luzerner Theater, Theatersaal",Sun 01.09,16.00,Cantando Admont,"Beat Furrer (*1954)
Begehren",https://www.lucernefestival.ch/media/thumbnails/filer_public/c6/68/c668c38f-55e4-4c4c-af08-ab210023ea37/klangforumwien_c_klangforumat.jpeg__744x744_crop_subject_location-945%2C846_subsampling-2_upscale.jpeg
Klangforum Wien,"Luzerner Theater, Theatersaal",Sun 01.09,16.00,Beat Furrer,"Beat Furrer (*1954)
Begehren",https://www.lucernefestival.ch/media/thumbnails/filer_public/c6/68/c668c38f-55e4-4c4c-af08-ab210023ea37/klangforumwien_c_klangforumat.jpeg__744x744_crop_subject_location-945%2C846_subsampling-2_upscale.jpeg
The Cleveland Orchestra,"KKL Luzern, Concert Hall",Sun 01.09,18.30,The Cleveland Orchestra,"Robert Schumann (1810–1856)
",https://www.lucernefestival.ch/media/thumbnails/filer_public/a7/e9/a7e9d4d7-3fa4-4463-841c-71250649d31c/vo_1_c_markus_jans.jpg__744x744_q85_crop_subject_location-424%2C360_subsampling-2_upscale.jpg
The Cleveland Orchestra,"KKL Luzern, Concert Hall",Sun 01.09,18.30,The Cleveland Orchestra,"Pyotr Ilyich  Tchaikovsky (1840–1893)
",https://www.lucernefestival.ch/media/thumbnails/filer_public/a7/e9/a7e9d4d7-3fa4-4463-841c-71250649d31c/vo_1_c_markus_jans.jpg__744x744_q85_crop_subject_location-424%2C360_subsampling-2_upscale.jpg
The Cleveland Orchestra,"KKL Luzern, Concert Hall",Sun 01.09,18.30,Franz Welser-Möst,"Robert Schumann (1810–1856)
",https://www.lucernefestival.ch/media/thumbnails/filer_public/a7/e9/a7e9d4d7-3fa4-4463-841c-71250649d31c/vo_1_c_markus_jans.jpg__744x744_q85_crop_subject_location-424%2C360_subsampling-2_upscale.jpg
The Cleveland Orchestra,"KKL Luzern, Concert Hall",Sun 01.09,18.30,Franz Welser-Möst,"Pyotr Ilyich  Tchaikovsky (1840–1893)
",https://www.lucernefestival.ch/media/thumbnails/filer_public/a7/e9/a7e9d4d7-3fa4-4463-841c-71250649d31c/vo_1_c_markus_jans.jpg__744x744_q85_crop_subject_location-424%2C360_subsampling-2_upscale.jpg
The Cleveland Orchestra,"KKL Luzern, Concert Hall",Sun 01.09,18.30,Víkingur Ólafsson,"Robert Schumann (1810–1856)
",https://www.lucernefestival.ch/media/thumbnails/filer_public/a7/e9/a7e9d4d7-3fa4-4463-841c-71250649d31c/vo_1_c_markus_jans.jpg__744x744_q85_crop_subject_location-424%2C360_subsampling-2_upscale.jpg
The Cleveland Orchestra,"KKL Luzern, Concert Hall",Sun 01.09,18.30,Víkingur Ólafsson,"Pyotr Ilyich  Tchaikovsky (1840–1893)
",https://www.lucernefestival.ch/media/thumbnails/filer_public/a7/e9/a7e9d4d7-3fa4-4463-841c-71250649d31c/vo_1_c_markus_jans.jpg__744x744_q85_crop_subject_location-424%2C360_subsampling-2_upscale.jpg
Bavarian Radio Symphony Orchestra,"KKL Luzern, Concert Hall",Mon 02.09,19.30,Bavarian Radio Symphony Orchestra,"Gustav Mahler (1860–1911)
",https://www.lucernefestival.ch/media/thumbnails/filer_public/11/ee/11ee0e9c-ea3a-427e-bc0e-42c8d33cb22c/rattle_220904_lso_2_rattle_c_manuelajans_lucerne_festival_16.jpg__744x744_q85_crop_subject_location-4095%2C2496_subsampling-2_upscale.jpg
Bavarian Radio Symphony Orchestra,"KKL Luzern, Concert Hall",Mon 02.09,19.30,Sir Simon Rattle,"Gustav Mahler (1860–1911)
",https://www.lucernefestival.ch/media/thumbnails/filer_public/11/ee/11ee0e9c-ea3a-427e-bc0e-42c8d33cb22c/rattle_220904_lso_2_rattle_c_manuelajans_lucerne_festival_16.jpg__744x744_q85_crop_subject_location-4095%2C2496_subsampling-2_upscale.jpg
Debut Theo Plath,Lukaskirche,Tue 03.09,12.15,Theo Plath,"Pancho Vladiguerov (1899–1978)
Caprice",https://www.lucernefestival.ch/media/thumbnails/filer_public/cb/fc/cbfc1de9-a5e8-4c9f-9310-864640d69eac/plath_theo_credit_marco_borggreve.jpg__744x744_q85_crop_subject_location-3885%2C2609_subsampling-2_upscale.jpg
Debut Theo Plath,Lukaskirche,Tue 03.09,12.15,Theo Plath,"Claude Debussy (1862–1918)
",https://www.lucernefestival.ch/media/thumbnails/filer_public/cb/fc/cbfc1de9-a5e8-4c9f-9310-864640d69eac/plath_theo_credit_marco_borggreve.jpg__744x744_q85_crop_subject_location-3885%2C2609_subsampling-2_upscale.jpg
Debut Theo Plath,Lukaskirche,Tue 03.09,12.15,Theo Plath,"Heinz Holliger (*1939)
",https://www.lucernefestival.ch/media/thumbnails/filer_public/cb/fc/cbfc1de9-a5e8-4c9f-9310-864640d69eac/plath_theo_credit_marco_borggreve.jpg__744x744_q85_crop_subject_location-3885%2C2609_subsampling-2_upscale.jpg
Debut Theo Plath,Lukaskirche,Tue 03.09,12.15,Theo Plath,"Edward Elgar (1857–1934)
",https://www.lucernefestival.ch/media/thumbnails/filer_public/cb/fc/cbfc1de9-a5e8-4c9f-9310-864640d69eac/plath_theo_credit_marco_borggreve.jpg__744x744_q85_crop_subject_location-3885%2C2609_subsampling-2_upscale.jpg
Debut Theo Plath,Lukaskirche,Tue 03.09,12.15,Theo Plath,"Daniel Schnyder (*1961)
",https://www.lucernefestival.ch/media/thumbnails/filer_public/cb/fc/cbfc1de9-a5e8-4c9f-9310-864640d69eac/plath_theo_credit_marco_borggreve.jpg__744x744_q85_crop_subject_location-3885%2C2609_subsampling-2_upscale.jpg
Debut Theo Plath,Lukaskirche,Tue 03.09,12.15,Aris Alexander Blettenberg,"Pancho Vladiguerov (1899–1978)
Caprice",https://www.lucernefestival.ch/media/thumbnails/filer_public/cb/fc/cbfc1de9-a5e8-4c9f-9310-864640d69eac/plath_theo_credit_marco_borggreve.jpg__744x744_q85_crop_subject_location-3885%2C2609_subsampling-2_upscale.jpg
Debut Theo Plath,Lukaskirche,Tue 03.09,12.15,Aris Alexander Blettenberg,"Claude Debussy (1862–1918)
",https://www.lucernefestival.ch/media/thumbnails/filer_public/cb/fc/cbfc1de9-a5e8-4c9f-9310-864640d69eac/plath_theo_credit_marco_borggreve.jpg__744x744_q85_crop_subject_location-3885%2C2609_subsampling-2_upscale.jpg
Debut Theo Plath,Lukaskirche,Tue 03.09,12.15,Aris Alexander Blettenberg,"Heinz Holliger (*1939)
",https://www.lucernefestival.ch/media/thumbnails/filer_public/cb/fc/cbfc1de9-a5e8-4c9f-9310-864640d69eac/plath_theo_credit_marco_borggreve.jpg__744x744_q85_crop_subject_location-3885%2C2609_subsampling-2_upscale.jpg
Debut Theo Plath,Lukaskirche,Tue 03.09,12.15,Aris Alexander Blettenberg,"Edward Elgar (1857–1934)
",https://www.lucernefestival.ch/media/thumbnails/filer_public/cb/fc/cbfc1de9-a5e8-4c9f-9310-864640d69eac/plath_theo_credit_marco_borggreve.jpg__744x744_q85_crop_subject_location-3885%2C2609_subsampling-2_upscale.jpg
Debut Theo Plath,Lukaskirche,Tue 03.09,12.15,Aris Alexander Blettenberg,"Daniel Schnyder (*1961)
",https://www.lucernefestival.ch/media/thumbnails/filer_public/cb/fc/cbfc1de9-a5e8-4c9f-9310-864640d69eac/plath_theo_credit_marco_borggreve.jpg__744x744_q85_crop_subject_location-3885%2C2609_subsampling-2_upscale.jpg
Chineke! Orchestra,"KKL Luzern, Concert Hall",Tue 03.09,19.30,Chineke! Orchestra,"Samuel Coleridge-Taylor (1875–1912)
",https://www.lucernefestival.ch/media/thumbnails/filer_public/4b/93/4b935722-9aee-46d7-8fb7-19ee9acbfee1/hall-tompkins_kelly2_c_r_gregory_routt.jpg__744x744_q85_crop_subject_location-1248%2C1068_subsampling-2_upscale.jpg
Chineke! Orchestra,"KKL Luzern, Concert Hall",Tue 03.09,19.30,Chineke! Orchestra,"Wynton Marsalis (*1961)
",https://www.lucernefestival.ch/media/thumbnails/filer_public/4b/93/4b935722-9aee-46d7-8fb7-19ee9acbfee1/hall-tompkins_kelly2_c_r_gregory_routt.jpg__744x744_q85_crop_subject_location-1248%2C1068_subsampling-2_upscale.jpg
Chineke! Orchestra,"KKL Luzern, Concert Hall",Tue 03.09,19.30,Chineke! Orchestra,"Florence Price (1887–1953)
",https://www.lucernefestival.ch/media/thumbnails/filer_public/4b/93/4b935722-9aee-46d7-8fb7-19ee9acbfee1/hall-tompkins_kelly2_c_r_gregory_routt.jpg__744x744_q85_crop_subject_location-1248%2C1068_subsampling-2_upscale.jpg
Chineke! Orchestra,"KKL Luzern, Concert Hall",Tue 03.09,19.30,Leslie Suganandarajah,"Samuel Coleridge-Taylor (1875–1912)
",https://www.lucernefestival.ch/media/thumbnails/filer_public/4b/93/4b935722-9aee-46d7-8fb7-19ee9acbfee1/hall-tompkins_kelly2_c_r_gregory_routt.jpg__744x744_q85_crop_subject_location-1248%2C1068_subsampling-2_upscale.jpg
Chineke! Orchestra,"KKL Luzern, Concert Hall",Tue 03.09,19.30,Leslie Suganandarajah,"Wynton Marsalis (*1961)
",https://www.lucernefestival.ch/media/thumbnails/filer_public/4b/93/4b935722-9aee-46d7-8fb7-19ee9acbfee1/hall-tompkins_kelly2_c_r_gregory_routt.jpg__744x744_q85_crop_subject_location-1248%2C1068_subsampling-2_upscale.jpg
Chineke! Orchestra,"KKL Luzern, Concert Hall",Tue 03.09,19.30,Leslie Suganandarajah,"Florence Price (1887–1953)
",https://www.lucernefestival.ch/media/thumbnails/filer_public/4b/93/4b935722-9aee-46d7-8fb7-19ee9acbfee1/hall-tompkins_kelly2_c_r_gregory_routt.jpg__744x744_q85_crop_subject_location-1248%2C1068_subsampling-2_upscale.jpg
Chineke! Orchestra,"KKL Luzern, Concert Hall",Tue 03.09,19.30,Kelly Hall-Tompkins,"Samuel Coleridge-Taylor (1875–1912)
",https://www.lucernefestival.ch/media/thumbnails/filer_public/4b/93/4b935722-9aee-46d7-8fb7-19ee9acbfee1/hall-tompkins_kelly2_c_r_gregory_routt.jpg__744x744_q85_crop_subject_location-1248%2C1068_subsampling-2_upscale.jpg
Chineke! Orchestra,"KKL Luzern, Concert Hall",Tue 03.09,19.30,Kelly Hall-Tompkins,"Wynton Marsalis (*1961)
",https://www.lucernefestival.ch/media/thumbnails/filer_public/4b/93/4b935722-9aee-46d7-8fb7-19ee9acbfee1/hall-tompkins_kelly2_c_r_gregory_routt.jpg__744x744_q85_crop_subject_location-1248%2C1068_subsampling-2_upscale.jpg
Chineke! Orchestra,"KKL Luzern, Concert Hall",Tue 03.09,19.30,Kelly Hall-Tompkins,"Florence Price (1887–1953)
",https://www.lucernefestival.ch/media/thumbnails/filer_public/4b/93/4b935722-9aee-46d7-8fb7-19ee9acbfee1/hall-tompkins_kelly2_c_r_gregory_routt.jpg__744x744_q85_crop_subject_location-1248%2C1068_subsampling-2_upscale.jpg
Leipzig Gewandhaus Orchestra,"KKL Luzern, Concert Hall",Wed 04.09,19.30,Leipzig Gewandhaus Orchestra,"Wolfgang Amadé  Mozart (1756–1791)
",https://www.lucernefestival.ch/media/thumbnails/filer_public/e9/ac/e9accabe-ff73-48d1-a6ed-d70cfe98502e/trifonov_2017_cdarioacosta-02.jpg__744x744_q85_crop_subject_location-2100%2C1420_subsampling-2_upscale.jpg
Leipzig Gewandhaus Orchestra,"KKL Luzern, Concert Hall",Wed 04.09,19.30,Leipzig Gewandhaus Orchestra,"Anton Bruckner (1824–1896)
",https://www.lucernefestival.ch/media/thumbnails/filer_public/e9/ac/e9accabe-ff73-48d1-a6ed-d70cfe98502e/trifonov_2017_cdarioacosta-02.jpg__744x744_q85_crop_subject_location-2100%2C1420_subsampling-2_upscale.jpg
Leipzig Gewandhaus Orchestra,"KKL Luzern, Concert Hall",Wed 04.09,19.30,Andris Nelsons,"Wolfgang Amadé  Mozart (1756–1791)
",https://www.lucernefestival.ch/media/thumbnails/filer_public/e9/ac/e9accabe-ff73-48d1-a6ed-d70cfe98502e/trifonov_2017_cdarioacosta-02.jpg__744x744_q85_crop_subject_location-2100%2C1420_subsampling-2_upscale.jpg
Leipzig Gewandhaus Orchestra,"KKL Luzern, Concert Hall",Wed 04.09,19.30,Andris Nelsons,"Anton Bruckner (1824–1896)
",https://www.lucernefestival.ch/media/thumbnails/filer_public/e9/ac/e9accabe-ff73-48d1-a6ed-d70cfe98502e/trifonov_2017_cdarioacosta-02.jpg__744x744_q85_crop_subject_location-2100%2C1420_subsampling-2_upscale.jpg
Leipzig Gewandhaus Orchestra,"KKL Luzern, Concert Hall",Wed 04.09,19.30,Daniil Trifonov,"Wolfgang Amadé  Mozart (1756–1791)
",https://www.lucernefestival.ch/media/thumbnails/filer_public/e9/ac/e9accabe-ff73-48d1-a6ed-d70cfe98502e/trifonov_2017_cdarioacosta-02.jpg__744x744_q85_crop_subject_location-2100%2C1420_subsampling-2_upscale.jpg
Leipzig Gewandhaus Orchestra,"KKL Luzern, Concert Hall",Wed 04.09,19.30,Daniil Trifonov,"Anton Bruckner (1824–1896)
",https://www.lucernefestival.ch/media/thumbnails/filer_public/e9/ac/e9accabe-ff73-48d1-a6ed-d70cfe98502e/trifonov_2017_cdarioacosta-02.jpg__744x744_q85_crop_subject_location-2100%2C1420_subsampling-2_upscale.jpg
Debut Isata Kanneh-Mason,Lukaskirche,Thu 05.09,12.15,Isata Kanneh-Mason,"Joseph Haydn (1732–1809)
",https://www.lucernefestival.ch/media/thumbnails/filer_public/4f/57/4f578656-903e-4d12-a7af-bd48a1b01dba/isata_kanneh-mason_2023_s03-048_credit_david_venni.jpg__744x744_q85_crop_subject_location-3498%2C2244_subsampling-2_upscale.jpg
Debut Isata Kanneh-Mason,Lukaskirche,Thu 05.09,12.15,Isata Kanneh-Mason,"Clara Schumann (1819–1896)
",https://www.lucernefestival.ch/media/thumbnails/filer_public/4f/57/4f578656-903e-4d12-a7af-bd48a1b01dba/isata_kanneh-mason_2023_s03-048_credit_david_venni.jpg__744x744_q85_crop_subject_location-3498%2C2244_subsampling-2_upscale.jpg
Debut Isata Kanneh-Mason,Lukaskirche,Thu 05.09,12.15,Isata Kanneh-Mason,"Felix Mendelssohn (1809–1847)
A Midsummer Night’s Dream",https://www.lucernefestival.ch/media/thumbnails/filer_public/4f/57/4f578656-903e-4d12-a7af-bd48a1b01dba/isata_kanneh-mason_2023_s03-048_credit_david_venni.jpg__744x744_q85_crop_subject_location-3498%2C2244_subsampling-2_upscale.jpg
Debut Isata Kanneh-Mason,Lukaskirche,Thu 05.09,12.15,Isata Kanneh-Mason,"Carl Nielsen (1865–1931)
",https://www.lucernefestival.ch/media/thumbnails/filer_public/4f/57/4f578656-903e-4d12-a7af-bd48a1b01dba/isata_kanneh-mason_2023_s03-048_credit_david_venni.jpg__744x744_q85_crop_subject_location-3498%2C2244_subsampling-2_upscale.jpg
Debut Isata Kanneh-Mason,Lukaskirche,Thu 05.09,12.15,Isata Kanneh-Mason,"Sofia Gubaidulina (*1931)
Chaconne",https://www.lucernefestival.ch/media/thumbnails/filer_public/4f/57/4f578656-903e-4d12-a7af-bd48a1b01dba/isata_kanneh-mason_2023_s03-048_credit_david_venni.jpg__744x744_q85_crop_subject_location-3498%2C2244_subsampling-2_upscale.jpg
Orchestre de Paris,"KKL Luzern, Concert Hall",Thu 05.09,19.30,Orchestre de Paris,"Pyotr Ilyich  Tchaikovsky (1840–1893)
",https://www.lucernefestival.ch/media/thumbnails/filer_public/dd/e8/dde89dd7-053d-48b4-b830-1ed4e488f5ba/lisa_0077hq.jpg__744x744_q85_crop_subject_location-3192%2C2508_subsampling-2_upscale.jpg
Orchestre de Paris,"KKL Luzern, Concert Hall",Thu 05.09,19.30,Orchestre de Paris,"Hector Berlioz (1803–1869)
Symphonie fantastique",https://www.lucernefestival.ch/media/thumbnails/filer_public/dd/e8/dde89dd7-053d-48b4-b830-1ed4e488f5ba/lisa_0077hq.jpg__744x744_q85_crop_subject_location-3192%2C2508_subsampling-2_upscale.jpg
Orchestre de Paris,"KKL Luzern, Concert Hall",Thu 05.09,19.30,Klaus Mäkelä,"Pyotr Ilyich  Tchaikovsky (1840–1893)
",https://www.lucernefestival.ch/media/thumbnails/filer_public/dd/e8/dde89dd7-053d-48b4-b830-1ed4e488f5ba/lisa_0077hq.jpg__744x744_q85_crop_subject_location-3192%2C2508_subsampling-2_upscale.jpg
Orchestre de Paris,"KKL Luzern, Concert Hall",Thu 05.09,19.30,Klaus Mäkelä,"Hector Berlioz (1803–1869)
Symphonie fantastique",https://www.lucernefestival.ch/media/thumbnails/filer_public/dd/e8/dde89dd7-053d-48b4-b830-1ed4e488f5ba/lisa_0077hq.jpg__744x744_q85_crop_subject_location-3192%2C2508_subsampling-2_upscale.jpg
Orchestre de Paris,"KKL Luzern, Concert Hall",Thu 05.09,19.30,Lisa Batiashvili,"Pyotr Ilyich  Tchaikovsky (1840–1893)
",https://www.lucernefestival.ch/media/thumbnails/filer_public/dd/e8/dde89dd7-053d-48b4-b830-1ed4e488f5ba/lisa_0077hq.jpg__744x744_q85_crop_subject_location-3192%2C2508_subsampling-2_upscale.jpg
Orchestre de Paris,"KKL Luzern, Concert Hall",Thu 05.09,19.30,Lisa Batiashvili,"Hector Berlioz (1803–1869)
Symphonie fantastique",https://www.lucernefestival.ch/media/thumbnails/filer_public/dd/e8/dde89dd7-053d-48b4-b830-1ed4e488f5ba/lisa_0077hq.jpg__744x744_q85_crop_subject_location-3192%2C2508_subsampling-2_upscale.jpg
Vienna Philharmonic 1,"KKL Luzern, Concert Hall",Fri 06.09,19.30,Vienna Philharmonic,"Felix Mendelssohn (1809–1847)
Scottish",https://www.lucernefestival.ch/media/thumbnails/filer_public/41/68/4168c644-fd9f-4778-a97b-402741a46710/thielemann_christian_c_wienerphilharmoniker_dieternagl_dn012996.jpg__744x744_q85_crop_subject_location-1584%2C3024_subsampling-2_upscale.jpg
Vienna Philharmonic 1,"KKL Luzern, Concert Hall",Fri 06.09,19.30,Vienna Philharmonic,"Richard Strauss (1864–1949)
Ein Heldenleben",https://www.lucernefestival.ch/media/thumbnails/filer_public/41/68/4168c644-fd9f-4778-a97b-402741a46710/thielemann_christian_c_wienerphilharmoniker_dieternagl_dn012996.jpg__744x744_q85_crop_subject_location-1584%2C3024_subsampling-2_upscale.jpg
Vienna Philharmonic 1,"KKL Luzern, Concert Hall",Fri 06.09,19.30,Christian Thielemann,"Felix Mendelssohn (1809–1847)
Scottish",https://www.lucernefestival.ch/media/thumbnails/filer_public/41/68/4168c644-fd9f-4778-a97b-402741a46710/thielemann_christian_c_wienerphilharmoniker_dieternagl_dn012996.jpg__744x744_q85_crop_subject_location-1584%2C3024_subsampling-2_upscale.jpg
Vienna Philharmonic 1,"KKL Luzern, Concert Hall",Fri 06.09,19.30,Christian Thielemann,"Richard Strauss (1864–1949)
Ein Heldenleben",https://www.lucernefestival.ch/media/thumbnails/filer_public/41/68/4168c644-fd9f-4778-a97b-402741a46710/thielemann_christian_c_wienerphilharmoniker_dieternagl_dn012996.jpg__744x744_q85_crop_subject_location-1584%2C3024_subsampling-2_upscale.jpg
Portrait Beat Furrer & Lisa Streich,"Hochschule Luzern – Music, Salquin Concert Hall",Sat 07.09,11.00,"Ensemble Helix, Studio for Contemporary Music at the Hochschule Luzern – Musik","Beat Furrer (*1954)
... cold and calm and moving",https://www.lucernefestival.ch/media/thumbnails/filer_public/fd/1c/fd1c6e78-6d5c-406a-af0c-f52273b8bb3c/230909_portrait_poppe_ensemble_helix_grimaitre_hunt_c_peterfischli_lucerne_festival_08.jpg__744x744_q85_crop_subject_location-1680%2C1120_subsampling-2_upscale.jpg
Portrait Beat Furrer & Lisa Streich,"Hochschule Luzern – Music, Salquin Concert Hall",Sat 07.09,11.00,"Ensemble Helix, Studio for Contemporary Music at the Hochschule Luzern – Musik","Lisa Streich (*1985)
FRANCESCA",https://www.lucernefestival.ch/media/thumbnails/filer_public/fd/1c/fd1c6e78-6d5c-406a-af0c-f52273b8bb3c/230909_portrait_poppe_ensemble_helix_grimaitre_hunt_c_peterfischli_lucerne_festival_08.jpg__744x744_q85_crop_subject_location-1680%2C1120_subsampling-2_upscale.jpg
Portrait Beat Furrer & Lisa Streich,"Hochschule Luzern – Music, Salquin Concert Hall",Sat 07.09,11.00,Beat Furrer,"Beat Furrer (*1954)
... cold and calm and moving",https://www.lucernefestival.ch/media/thumbnails/filer_public/fd/1c/fd1c6e78-6d5c-406a-af0c-f52273b8bb3c/230909_portrait_poppe_ensemble_helix_grimaitre_hunt_c_peterfischli_lucerne_festival_08.jpg__744x744_q85_crop_subject_location-1680%2C1120_subsampling-2_upscale.jpg
Portrait Beat Furrer & Lisa Streich,"Hochschule Luzern – Music, Salquin Concert Hall",Sat 07.09,11.00,Beat Furrer,"Lisa Streich (*1985)
FRANCESCA",https://www.lucernefestival.ch/media/thumbnails/filer_public/fd/1c/fd1c6e78-6d5c-406a-af0c-f52273b8bb3c/230909_portrait_poppe_ensemble_helix_grimaitre_hunt_c_peterfischli_lucerne_festival_08.jpg__744x744_q85_crop_subject_location-1680%2C1120_subsampling-2_upscale.jpg
Lucerne Festival Academy 4,"KKL Luzern, Concert Hall",Sat 07.09,14.30,Lucerne Festival Contemporary Orchestra (LFCO),"George Benjamin (*1960)
",https://www.lucernefestival.ch/media/thumbnails/filer_public/96/15/96156340-0aab-4acc-9748-10ccfaef2682/3_gb_with_mco_credit_christopher_christodoulou.jpg__744x744_q85_crop_subject_location-1890%2C1152_subsampling-2_upscale.jpg
Lucerne Festival Academy 4,"KKL Luzern, Concert Hall",Sat 07.09,14.30,Lucerne Festival Contemporary Orchestra (LFCO),"Andrew Norman (*1979)
",https://www.lucernefestival.ch/media/thumbnails/filer_public/96/15/96156340-0aab-4acc-9748-10ccfaef2682/3_gb_with_mco_credit_christopher_christodoulou.jpg__744x744_q85_crop_subject_location-1890%2C1152_subsampling-2_upscale.jpg
Lucerne Festival Academy 4,"KKL Luzern, Concert Hall",Sat 07.09,14.30,Lucerne Festival Contemporary Orchestra (LFCO),"Hans Abrahamsen (*1952)
Vers le Silence",https://www.lucernefestival.ch/media/thumbnails/filer_public/96/15/96156340-0aab-4acc-9748-10ccfaef2682/3_gb_with_mco_credit_christopher_christodoulou.jpg__744x744_q85_crop_subject_location-1890%2C1152_subsampling-2_upscale.jpg
Lucerne Festival Academy 4,"KKL Luzern, Concert Hall",Sat 07.09,14.30,Sir George Benjamin,"George Benjamin (*1960)
",https://www.lucernefestival.ch/media/thumbnails/filer_public/96/15/96156340-0aab-4acc-9748-10ccfaef2682/3_gb_with_mco_credit_christopher_christodoulou.jpg__744x744_q85_crop_subject_location-1890%2C1152_subsampling-2_upscale.jpg
Lucerne Festival Academy 4,"KKL Luzern, Concert Hall",Sat 07.09,14.30,Sir George Benjamin,"Andrew Norman (*1979)
",https://www.lucernefestival.ch/media/thumbnails/filer_public/96/15/96156340-0aab-4acc-9748-10ccfaef2682/3_gb_with_mco_credit_christopher_christodoulou.jpg__744x744_q85_crop_subject_location-1890%2C1152_subsampling-2_upscale.jpg
Lucerne Festival Academy 4,"KKL Luzern, Concert Hall",Sat 07.09,14.30,Sir George Benjamin,"Hans Abrahamsen (*1952)
Vers le Silence",https://www.lucernefestival.ch/media/thumbnails/filer_public/96/15/96156340-0aab-4acc-9748-10ccfaef2682/3_gb_with_mco_credit_christopher_christodoulou.jpg__744x744_q85_crop_subject_location-1890%2C1152_subsampling-2_upscale.jpg
Lucerne Festival Academy 4,"KKL Luzern, Concert Hall",Sat 07.09,14.30,Jörgen van Rijen,"George Benjamin (*1960)
",https://www.lucernefestival.ch/media/thumbnails/filer_public/96/15/96156340-0aab-4acc-9748-10ccfaef2682/3_gb_with_mco_credit_christopher_christodoulou.jpg__744x744_q85_crop_subject_location-1890%2C1152_subsampling-2_upscale.jpg
Lucerne Festival Academy 4,"KKL Luzern, Concert Hall",Sat 07.09,14.30,Jörgen van Rijen,"Andrew Norman (*1979)
",https://www.lucernefestival.ch/media/thumbnails/filer_public/96/15/96156340-0aab-4acc-9748-10ccfaef2682/3_gb_with_mco_credit_christopher_christodoulou.jpg__744x744_q85_crop_subject_location-1890%2C1152_subsampling-2_upscale.jpg
Lucerne Festival Academy 4,"KKL Luzern, Concert Hall",Sat 07.09,14.30,Jörgen van Rijen,"Hans Abrahamsen (*1952)
Vers le Silence",https://www.lucernefestival.ch/media/thumbnails/filer_public/96/15/96156340-0aab-4acc-9748-10ccfaef2682/3_gb_with_mco_credit_christopher_christodoulou.jpg__744x744_q85_crop_subject_location-1890%2C1152_subsampling-2_upscale.jpg
Vienna Philharmonic 2,"KKL Luzern, Concert Hall",Sat 07.09,19.30,Vienna Philharmonic,"Anton Bruckner (1824–1896)
",https://www.lucernefestival.ch/media/thumbnails/filer_public/92/c1/92c1605e-e655-4d1b-8de2-dad770837086/hagen_julia_web_small-33julia_hagen__c__simon_pauly.jpg__744x744_q85_crop_subject_location-1470%2C854_subsampling-2_upscale.jpg
Vienna Philharmonic 2,"KKL Luzern, Concert Hall",Sat 07.09,19.30,Christian Thielemann,"Anton Bruckner (1824–1896)
",https://www.lucernefestival.ch/media/thumbnails/filer_public/92/c1/92c1605e-e655-4d1b-8de2-dad770837086/hagen_julia_web_small-33julia_hagen__c__simon_pauly.jpg__744x744_q85_crop_subject_location-1470%2C854_subsampling-2_upscale.jpg
Vienna Philharmonic 2,"KKL Luzern, Concert Hall",Sat 07.09,19.30,Julia Hagen,"Anton Bruckner (1824–1896)
",https://www.lucernefestival.ch/media/thumbnails/filer_public/92/c1/92c1605e-e655-4d1b-8de2-dad770837086/hagen_julia_web_small-33julia_hagen__c__simon_pauly.jpg__744x744_q85_crop_subject_location-1470%2C854_subsampling-2_upscale.jpg
Lea Desandre & Jupiter Ensemble,"KKL Luzern, Concert Hall",Sun 08.09,11.00,Jupiter Ensemble,"Handel ,
",https://www.lucernefestival.ch/media/thumbnails/filer_public/8f/d6/8fd64a98-4755-42ff-94f2-c1d98052a591/lea-desandre-c-monika-rittershaus-4-2000x1313.jpg__744x744_q85_crop_subject_location-945%2C621_subsampling-2_upscale.jpg
Lea Desandre & Jupiter Ensemble,"KKL Luzern, Concert Hall",Sun 08.09,11.00,Thomas Dunford,"Handel ,
",https://www.lucernefestival.ch/media/thumbnails/filer_public/8f/d6/8fd64a98-4755-42ff-94f2-c1d98052a591/lea-desandre-c-monika-rittershaus-4-2000x1313.jpg__744x744_q85_crop_subject_location-945%2C621_subsampling-2_upscale.jpg
Lea Desandre & Jupiter Ensemble,"KKL Luzern, Concert Hall",Sun 08.09,11.00,Lea Desandre,"Handel ,
",https://www.lucernefestival.ch/media/thumbnails/filer_public/8f/d6/8fd64a98-4755-42ff-94f2-c1d98052a591/lea-desandre-c-monika-rittershaus-4-2000x1313.jpg__744x744_q85_crop_subject_location-945%2C621_subsampling-2_upscale.jpg
Staatskapelle Berlin,"KKL Luzern, Concert Hall",Sun 08.09,19.30,Staatskapelle Berlin,"Gustav Mahler (1860–1911)
Blumine",https://www.lucernefestival.ch/media/thumbnails/filer_public/b9/71/b9718ede-81ca-43d5-9023-d74d93143a3c/nyp20220106bychrislee.jpg__744x744_q85_crop_subject_location-1472%2C752_subsampling-2_upscale.jpg
Staatskapelle Berlin,"KKL Luzern, Concert Hall",Sun 08.09,19.30,Susanna Mälkki,"Gustav Mahler (1860–1911)
Blumine",https://www.lucernefestival.ch/media/thumbnails/filer_public/b9/71/b9718ede-81ca-43d5-9023-d74d93143a3c/nyp20220106bychrislee.jpg__744x744_q85_crop_subject_location-1472%2C752_subsampling-2_upscale.jpg
Staatskapelle Berlin,"KKL Luzern, Concert Hall",Sun 08.09,19.30,Wiebke Lehmkuhl,"Gustav Mahler (1860–1911)
Blumine",https://www.lucernefestival.ch/media/thumbnails/filer_public/b9/71/b9718ede-81ca-43d5-9023-d74d93143a3c/nyp20220106bychrislee.jpg__744x744_q85_crop_subject_location-1472%2C752_subsampling-2_upscale.jpg
Staatskapelle Berlin,"KKL Luzern, Concert Hall",Sun 08.09,19.30,Eric Cutler,"Gustav Mahler (1860–1911)
Blumine",https://www.lucernefestival.ch/media/thumbnails/filer_public/b9/71/b9718ede-81ca-43d5-9023-d74d93143a3c/nyp20220106bychrislee.jpg__744x744_q85_crop_subject_location-1472%2C752_subsampling-2_upscale.jpg
Mahler Chamber Orchestra,"KKL Luzern, Concert Hall",Mon 09.09,19.30,Mahler Chamber Orchestra,"Gustav Mahler (1860–1911)
Seven Early Songs",https://www.lucernefestival.ch/media/thumbnails/filer_public/8e/16/8e166455-058a-43d5-9f57-65354e14fb36/anna_prohaska011__marco_borggreve.jpg__744x744_q85_crop_subject_location-2625%2C2900_subsampling-2_upscale.jpg
Mahler Chamber Orchestra,"KKL Luzern, Concert Hall",Mon 09.09,19.30,Mahler Chamber Orchestra,"Antonín Dvořák (1841–1904)
From the New World",https://www.lucernefestival.ch/media/thumbnails/filer_public/8e/16/8e166455-058a-43d5-9f57-65354e14fb36/anna_prohaska011__marco_borggreve.jpg__744x744_q85_crop_subject_location-2625%2C2900_subsampling-2_upscale.jpg
Mahler Chamber Orchestra,"KKL Luzern, Concert Hall",Mon 09.09,19.30,Antonello Manacorda,"Gustav Mahler (1860–1911)
Seven Early Songs",https://www.lucernefestival.ch/media/thumbnails/filer_public/8e/16/8e166455-058a-43d5-9f57-65354e14fb36/anna_prohaska011__marco_borggreve.jpg__744x744_q85_crop_subject_location-2625%2C2900_subsampling-2_upscale.jpg
Mahler Chamber Orchestra,"KKL Luzern, Concert Hall",Mon 09.09,19.30,Antonello Manacorda,"Antonín Dvořák (1841–1904)
From the New World",https://www.lucernefestival.ch/media/thumbnails/filer_public/8e/16/8e166455-058a-43d5-9f57-65354e14fb36/anna_prohaska011__marco_borggreve.jpg__744x744_q85_crop_subject_location-2625%2C2900_subsampling-2_upscale.jpg
Mahler Chamber Orchestra,"KKL Luzern, Concert Hall",Mon 09.09,19.30,Anna Prohaska,"Gustav Mahler (1860–1911)
Seven Early Songs",https://www.lucernefestival.ch/media/thumbnails/filer_public/8e/16/8e166455-058a-43d5-9f57-65354e14fb36/anna_prohaska011__marco_borggreve.jpg__744x744_q85_crop_subject_location-2625%2C2900_subsampling-2_upscale.jpg
Mahler Chamber Orchestra,"KKL Luzern, Concert Hall",Mon 09.09,19.30,Anna Prohaska,"Antonín Dvořák (1841–1904)
From the New World",https://www.lucernefestival.ch/media/thumbnails/filer_public/8e/16/8e166455-058a-43d5-9f57-65354e14fb36/anna_prohaska011__marco_borggreve.jpg__744x744_q85_crop_subject_location-2625%2C2900_subsampling-2_upscale.jpg
Debut Adelphi Quartet,Lukaskirche,Tue 10.09,12.15,Adelphi Quartet,"Joseph Haydn (1732–1809)
",https://www.lucernefestival.ch/media/thumbnails/filer_public/45/a8/45a8220b-b025-45e2-8b49-fc73e14625fe/adelphi_quartet_credit_roland_unger_7.jpg__744x744_q85_crop_subject_location-2100%2C1910_subsampling-2_upscale.jpg
Debut Adelphi Quartet,Lukaskirche,Tue 10.09,12.15,Adelphi Quartet,"Orlando di Lasso (1532–1594)
Je l‘aime bien",https://www.lucernefestival.ch/media/thumbnails/filer_public/45/a8/45a8220b-b025-45e2-8b49-fc73e14625fe/adelphi_quartet_credit_roland_unger_7.jpg__744x744_q85_crop_subject_location-2100%2C1910_subsampling-2_upscale.jpg
Debut Adelphi Quartet,Lukaskirche,Tue 10.09,12.15,Adelphi Quartet,"Madli Marje Gildemann (*1994)
",https://www.lucernefestival.ch/media/thumbnails/filer_public/45/a8/45a8220b-b025-45e2-8b49-fc73e14625fe/adelphi_quartet_credit_roland_unger_7.jpg__744x744_q85_crop_subject_location-2100%2C1910_subsampling-2_upscale.jpg
Debut Adelphi Quartet,Lukaskirche,Tue 10.09,12.15,Adelphi Quartet,"Orlando di Lasso (1532–1594)
",https://www.lucernefestival.ch/media/thumbnails/filer_public/45/a8/45a8220b-b025-45e2-8b49-fc73e14625fe/adelphi_quartet_credit_roland_unger_7.jpg__744x744_q85_crop_subject_location-2100%2C1910_subsampling-2_upscale.jpg
Debut Adelphi Quartet,Lukaskirche,Tue 10.09,12.15,Adelphi Quartet,"Tom Coult (*1988)
",https://www.lucernefestival.ch/media/thumbnails/filer_public/45/a8/45a8220b-b025-45e2-8b49-fc73e14625fe/adelphi_quartet_credit_roland_unger_7.jpg__744x744_q85_crop_subject_location-2100%2C1910_subsampling-2_upscale.jpg
Debut Adelphi Quartet,Lukaskirche,Tue 10.09,12.15,Adelphi Quartet,"Orlando di Lasso (1532–1594)
Je l‘aime bien",https://www.lucernefestival.ch/media/thumbnails/filer_public/45/a8/45a8220b-b025-45e2-8b49-fc73e14625fe/adelphi_quartet_credit_roland_unger_7.jpg__744x744_q85_crop_subject_location-2100%2C1910_subsampling-2_upscale.jpg
Debut Adelphi Quartet,Lukaskirche,Tue 10.09,12.15,Adelphi Quartet,"Benjamin Britten (1913–1976)
",https://www.lucernefestival.ch/media/thumbnails/filer_public/45/a8/45a8220b-b025-45e2-8b49-fc73e14625fe/adelphi_quartet_credit_roland_unger_7.jpg__744x744_q85_crop_subject_location-2100%2C1910_subsampling-2_upscale.jpg
Recital Rudolf Buchbinder,"KKL Luzern, Concert Hall",Tue 10.09,19.30,Rudolf Buchbinder,"Wolfgang Amadé  Mozart (1756–1791)
Ah, vous dirai-je Maman",https://www.lucernefestival.ch/media/thumbnails/filer_public/0b/65/0b65109f-a9d8-4443-bfb1-45f56297f029/buchbinderrudolf10_c_marcoborggrevejpg.jpg__744x744_q85_crop_subject_location-3016%2C1682_subsampling-2_upscale.jpg
Recital Rudolf Buchbinder,"KKL Luzern, Concert Hall",Tue 10.09,19.30,Rudolf Buchbinder,"Ludwig van Beethoven (1770–1827)
Waldstein",https://www.lucernefestival.ch/media/thumbnails/filer_public/0b/65/0b65109f-a9d8-4443-bfb1-45f56297f029/buchbinderrudolf10_c_marcoborggrevejpg.jpg__744x744_q85_crop_subject_location-3016%2C1682_subsampling-2_upscale.jpg
Recital Rudolf Buchbinder,"KKL Luzern, Concert Hall",Tue 10.09,19.30,Rudolf Buchbinder,"Frédéric Chopin (1810–1849)
",https://www.lucernefestival.ch/media/thumbnails/filer_public/0b/65/0b65109f-a9d8-4443-bfb1-45f56297f029/buchbinderrudolf10_c_marcoborggrevejpg.jpg__744x744_q85_crop_subject_location-3016%2C1682_subsampling-2_upscale.jpg
Tonhalle-Orchester Zürich,"KKL Luzern, Concert Hall",Wed 11.09,19.30,Zurich Tonhalle Orchestra,"Dmitri Shostakovich (1906–1975)
",https://www.lucernefestival.ch/media/thumbnails/filer_public/41/81/41815e50-3fe8-4183-8a7f-8c48f09f3d95/jaervi_paavo_c_albertovenzago.jpg__744x744_q85_crop_subject_location-2808%2C2808_subsampling-2_upscale.jpg
Tonhalle-Orchester Zürich,"KKL Luzern, Concert Hall",Wed 11.09,19.30,Zurich Tonhalle Orchestra,"Gustav Mahler (1860–1911)
",https://www.lucernefestival.ch/media/thumbnails/filer_public/41/81/41815e50-3fe8-4183-8a7f-8c48f09f3d95/jaervi_paavo_c_albertovenzago.jpg__744x744_q85_crop_subject_location-2808%2C2808_subsampling-2_upscale.jpg
Tonhalle-Orchester Zürich,"KKL Luzern, Concert Hall",Wed 11.09,19.30,Paavo Järvi,"Dmitri Shostakovich (1906–1975)
",https://www.lucernefestival.ch/media/thumbnails/filer_public/41/81/41815e50-3fe8-4183-8a7f-8c48f09f3d95/jaervi_paavo_c_albertovenzago.jpg__744x744_q85_crop_subject_location-2808%2C2808_subsampling-2_upscale.jpg
Tonhalle-Orchester Zürich,"KKL Luzern, Concert Hall",Wed 11.09,19.30,Paavo Järvi,"Gustav Mahler (1860–1911)
",https://www.lucernefestival.ch/media/thumbnails/filer_public/41/81/41815e50-3fe8-4183-8a7f-8c48f09f3d95/jaervi_paavo_c_albertovenzago.jpg__744x744_q85_crop_subject_location-2808%2C2808_subsampling-2_upscale.jpg
Tonhalle-Orchester Zürich,"KKL Luzern, Concert Hall",Wed 11.09,19.30,Sheku Kanneh-Mason,"Dmitri Shostakovich (1906–1975)
",https://www.lucernefestival.ch/media/thumbnails/filer_public/41/81/41815e50-3fe8-4183-8a7f-8c48f09f3d95/jaervi_paavo_c_albertovenzago.jpg__744x744_q85_crop_subject_location-2808%2C2808_subsampling-2_upscale.jpg
Tonhalle-Orchester Zürich,"KKL Luzern, Concert Hall",Wed 11.09,19.30,Sheku Kanneh-Mason,"Gustav Mahler (1860–1911)
",https://www.lucernefestival.ch/media/thumbnails/filer_public/41/81/41815e50-3fe8-4183-8a7f-8c48f09f3d95/jaervi_paavo_c_albertovenzago.jpg__744x744_q85_crop_subject_location-2808%2C2808_subsampling-2_upscale.jpg
Debut Mélodie Zhao,Lukaskirche,Thu 12.09,12.15,Mélodie Zhao,"Wolfgang Amadé  Mozart (1756–1791)
",https://www.lucernefestival.ch/media/thumbnails/filer_public/ed/a9/eda9599a-09c5-4871-90c0-4d21ef45a9fe/zhaomelodie_c_karlanewton_011.jpg__744x744_q85_crop_subject_location-2884%2C1932_subsampling-2_upscale.jpg
Debut Mélodie Zhao,Lukaskirche,Thu 12.09,12.15,Mélodie Zhao,"Franz Liszt (1811–1886)
",https://www.lucernefestival.ch/media/thumbnails/filer_public/ed/a9/eda9599a-09c5-4871-90c0-4d21ef45a9fe/zhaomelodie_c_karlanewton_011.jpg__744x744_q85_crop_subject_location-2884%2C1932_subsampling-2_upscale.jpg
Debut Mélodie Zhao,Lukaskirche,Thu 12.09,12.15,Mélodie Zhao,"Mélodie Zhao (*1994)
Shades Of Paganini",https://www.lucernefestival.ch/media/thumbnails/filer_public/ed/a9/eda9599a-09c5-4871-90c0-4d21ef45a9fe/zhaomelodie_c_karlanewton_011.jpg__744x744_q85_crop_subject_location-2884%2C1932_subsampling-2_upscale.jpg
Debut Mélodie Zhao,Lukaskirche,Thu 12.09,12.15,Mélodie Zhao,"George Gershwin (1898–1937)
Rhapsody in Blue",https://www.lucernefestival.ch/media/thumbnails/filer_public/ed/a9/eda9599a-09c5-4871-90c0-4d21ef45a9fe/zhaomelodie_c_karlanewton_011.jpg__744x744_q85_crop_subject_location-2884%2C1932_subsampling-2_upscale.jpg
"""räsonanz"" – Donor Concert","KKL Luzern, Concert Hall",Thu 12.09,19.30,Munich Philharmonic,"Unsuk Chin (*1961)
subito con forza",https://www.lucernefestival.ch/media/thumbnails/filer_public/4f/9f/4f9f3c6d-837b-4942-b138-3f127f95bbad/renaud_capucon_1_cred_warner.jpg__744x744_q85_crop_subject_location-3848%2C1850_subsampling-2_upscale.jpg
"""räsonanz"" – Donor Concert","KKL Luzern, Concert Hall",Thu 12.09,19.30,Munich Philharmonic,"Henri Dutilleux (1916–2013)
L’arbre des songes.",https://www.lucernefestival.ch/media/thumbnails/filer_public/4f/9f/4f9f3c6d-837b-4942-b138-3f127f95bbad/renaud_capucon_1_cred_warner.jpg__744x744_q85_crop_subject_location-3848%2C1850_subsampling-2_upscale.jpg
"""räsonanz"" – Donor Concert","KKL Luzern, Concert Hall",Thu 12.09,19.30,Munich Philharmonic,"Michael Seltenreich (*1988)
",https://www.lucernefestival.ch/media/thumbnails/filer_public/4f/9f/4f9f3c6d-837b-4942-b138-3f127f95bbad/renaud_capucon_1_cred_warner.jpg__744x744_q85_crop_subject_location-3848%2C1850_subsampling-2_upscale.jpg
"""räsonanz"" – Donor Concert","KKL Luzern, Concert Hall",Thu 12.09,19.30,Munich Philharmonic,"Paul Ben-Haim (1897–1984)
",https://www.lucernefestival.ch/media/thumbnails/filer_public/4f/9f/4f9f3c6d-837b-4942-b138-3f127f95bbad/renaud_capucon_1_cred_warner.jpg__744x744_q85_crop_subject_location-3848%2C1850_subsampling-2_upscale.jpg
"""räsonanz"" – Donor Concert","KKL Luzern, Concert Hall",Thu 12.09,19.30,Lahav Shani,"Unsuk Chin (*1961)
subito con forza",https://www.lucernefestival.ch/media/thumbnails/filer_public/4f/9f/4f9f3c6d-837b-4942-b138-3f127f95bbad/renaud_capucon_1_cred_warner.jpg__744x744_q85_crop_subject_location-3848%2C1850_subsampling-2_upscale.jpg
"""räsonanz"" – Donor Concert","KKL Luzern, Concert Hall",Thu 12.09,19.30,Lahav Shani,"Henri Dutilleux (1916–2013)
L’arbre des songes.",https://www.lucernefestival.ch/media/thumbnails/filer_public/4f/9f/4f9f3c6d-837b-4942-b138-3f127f95bbad/renaud_capucon_1_cred_warner.jpg__744x744_q85_crop_subject_location-3848%2C1850_subsampling-2_upscale.jpg
"""räsonanz"" – Donor Concert","KKL Luzern, Concert Hall",Thu 12.09,19.30,Lahav Shani,"Michael Seltenreich (*1988)
",https://www.lucernefestival.ch/media/thumbnails/filer_public/4f/9f/4f9f3c6d-837b-4942-b138-3f127f95bbad/renaud_capucon_1_cred_warner.jpg__744x744_q85_crop_subject_location-3848%2C1850_subsampling-2_upscale.jpg
"""räsonanz"" – Donor Concert","KKL Luzern, Concert Hall",Thu 12.09,19.30,Lahav Shani,"Paul Ben-Haim (1897–1984)
",https://www.lucernefestival.ch/media/thumbnails/filer_public/4f/9f/4f9f3c6d-837b-4942-b138-3f127f95bbad/renaud_capucon_1_cred_warner.jpg__744x744_q85_crop_subject_location-3848%2C1850_subsampling-2_upscale.jpg
"""räsonanz"" – Donor Concert","KKL Luzern, Concert Hall",Thu 12.09,19.30,Renaud Capuçon,"Unsuk Chin (*1961)
subito con forza",https://www.lucernefestival.ch/media/thumbnails/filer_public/4f/9f/4f9f3c6d-837b-4942-b138-3f127f95bbad/renaud_capucon_1_cred_warner.jpg__744x744_q85_crop_subject_location-3848%2C1850_subsampling-2_upscale.jpg
"""räsonanz"" – Donor Concert","KKL Luzern, Concert Hall",Thu 12.09,19.30,Renaud Capuçon,"Henri Dutilleux (1916–2013)
L’arbre des songes.",https://www.lucernefestival.ch/media/thumbnails/filer_public/4f/9f/4f9f3c6d-837b-4942-b138-3f127f95bbad/renaud_capucon_1_cred_warner.jpg__744x744_q85_crop_subject_location-3848%2C1850_subsampling-2_upscale.jpg
"""räsonanz"" – Donor Concert","KKL Luzern, Concert Hall",Thu 12.09,19.30,Renaud Capuçon,"Michael Seltenreich (*1988)
",https://www.lucernefestival.ch/media/thumbnails/filer_public/4f/9f/4f9f3c6d-837b-4942-b138-3f127f95bbad/renaud_capucon_1_cred_warner.jpg__744x744_q85_crop_subject_location-3848%2C1850_subsampling-2_upscale.jpg
"""räsonanz"" – Donor Concert","KKL Luzern, Concert Hall",Thu 12.09,19.30,Renaud Capuçon,"Paul Ben-Haim (1897–1984)
",https://www.lucernefestival.ch/media/thumbnails/filer_public/4f/9f/4f9f3c6d-837b-4942-b138-3f127f95bbad/renaud_capucon_1_cred_warner.jpg__744x744_q85_crop_subject_location-3848%2C1850_subsampling-2_upscale.jpg
Munich Philharmonic,"KKL Luzern, Concert Hall",Fri 13.09,19.30,Munich Philharmonic,"Johann Sebastian Bach (1685–1750)
",https://www.lucernefestival.ch/media/thumbnails/filer_public/89/5f/895f7e3f-b110-4576-9f5f-b4f0e5ae39c4/shani_lahav_070_credit_marco_borggreve.jpg__744x744_q85_crop_subject_location-3531%2C1914_subsampling-2_upscale.jpg
Munich Philharmonic,"KKL Luzern, Concert Hall",Fri 13.09,19.30,Munich Philharmonic,"Anton Bruckner (1824–1896)
",https://www.lucernefestival.ch/media/thumbnails/filer_public/89/5f/895f7e3f-b110-4576-9f5f-b4f0e5ae39c4/shani_lahav_070_credit_marco_borggreve.jpg__744x744_q85_crop_subject_location-3531%2C1914_subsampling-2_upscale.jpg
Munich Philharmonic,"KKL Luzern, Concert Hall",Fri 13.09,19.30,Lahav Shani,"Johann Sebastian Bach (1685–1750)
",https://www.lucernefestival.ch/media/thumbnails/filer_public/89/5f/895f7e3f-b110-4576-9f5f-b4f0e5ae39c4/shani_lahav_070_credit_marco_borggreve.jpg__744x744_q85_crop_subject_location-3531%2C1914_subsampling-2_upscale.jpg
Munich Philharmonic,"KKL Luzern, Concert Hall",Fri 13.09,19.30,Lahav Shani,"Anton Bruckner (1824–1896)
",https://www.lucernefestival.ch/media/thumbnails/filer_public/89/5f/895f7e3f-b110-4576-9f5f-b4f0e5ae39c4/shani_lahav_070_credit_marco_borggreve.jpg__744x744_q85_crop_subject_location-3531%2C1914_subsampling-2_upscale.jpg
Budapest Festival Orchestra,"KKL Luzern, Concert Hall",Sat 14.09,18.30,Budapest Festival Orchestra,"Sergei Prokofiev (1891–1953)
Overture on Hebrew Themes",https://www.lucernefestival.ch/media/thumbnails/filer_public/ad/1b/ad1b983d-0735-4ef9-b720-1e1f8bb28e9d/kopatchinskaja-patricia_copyrightmarcoborggreve003.jpeg__744x744_crop_subject_location-1236%2C696_subsampling-2_upscale.jpeg
Budapest Festival Orchestra,"KKL Luzern, Concert Hall",Sat 14.09,18.30,Budapest Festival Orchestra,"Béla Bartók (1881–1945)
",https://www.lucernefestival.ch/media/thumbnails/filer_public/ad/1b/ad1b983d-0735-4ef9-b720-1e1f8bb28e9d/kopatchinskaja-patricia_copyrightmarcoborggreve003.jpeg__744x744_crop_subject_location-1236%2C696_subsampling-2_upscale.jpeg
Budapest Festival Orchestra,"KKL Luzern, Concert Hall",Sat 14.09,18.30,Budapest Festival Orchestra,"Antonín Dvořák (1841–1904)
",https://www.lucernefestival.ch/media/thumbnails/filer_public/ad/1b/ad1b983d-0735-4ef9-b720-1e1f8bb28e9d/kopatchinskaja-patricia_copyrightmarcoborggreve003.jpeg__744x744_crop_subject_location-1236%2C696_subsampling-2_upscale.jpeg
Budapest Festival Orchestra,"KKL Luzern, Concert Hall",Sat 14.09,18.30,Iván Fischer,"Sergei Prokofiev (1891–1953)
Overture on Hebrew Themes",https://www.lucernefestival.ch/media/thumbnails/filer_public/ad/1b/ad1b983d-0735-4ef9-b720-1e1f8bb28e9d/kopatchinskaja-patricia_copyrightmarcoborggreve003.jpeg__744x744_crop_subject_location-1236%2C696_subsampling-2_upscale.jpeg
Budapest Festival Orchestra,"KKL Luzern, Concert Hall",Sat 14.09,18.30,Iván Fischer,"Béla Bartók (1881–1945)
",https://www.lucernefestival.ch/media/thumbnails/filer_public/ad/1b/ad1b983d-0735-4ef9-b720-1e1f8bb28e9d/kopatchinskaja-patricia_copyrightmarcoborggreve003.jpeg__744x744_crop_subject_location-1236%2C696_subsampling-2_upscale.jpeg
Budapest Festival Orchestra,"KKL Luzern, Concert Hall",Sat 14.09,18.30,Iván Fischer,"Antonín Dvořák (1841–1904)
",https://www.lucernefestival.ch/media/thumbnails/filer_public/ad/1b/ad1b983d-0735-4ef9-b720-1e1f8bb28e9d/kopatchinskaja-patricia_copyrightmarcoborggreve003.jpeg__744x744_crop_subject_location-1236%2C696_subsampling-2_upscale.jpeg
Budapest Festival Orchestra,"KKL Luzern, Concert Hall",Sat 14.09,18.30,Patricia Kopatchinskaja,"Sergei Prokofiev (1891–1953)
Overture on Hebrew Themes",https://www.lucernefestival.ch/media/thumbnails/filer_public/ad/1b/ad1b983d-0735-4ef9-b720-1e1f8bb28e9d/kopatchinskaja-patricia_copyrightmarcoborggreve003.jpeg__744x744_crop_subject_location-1236%2C696_subsampling-2_upscale.jpeg
Budapest Festival Orchestra,"KKL Luzern, Concert Hall",Sat 14.09,18.30,Patricia Kopatchinskaja,"Béla Bartók (1881–1945)
",https://www.lucernefestival.ch/media/thumbnails/filer_public/ad/1b/ad1b983d-0735-4ef9-b720-1e1f8bb28e9d/kopatchinskaja-patricia_copyrightmarcoborggreve003.jpeg__744x744_crop_subject_location-1236%2C696_subsampling-2_upscale.jpeg
Budapest Festival Orchestra,"KKL Luzern, Concert Hall",Sat 14.09,18.30,Patricia Kopatchinskaja,"Antonín Dvořák (1841–1904)
",https://www.lucernefestival.ch/media/thumbnails/filer_public/ad/1b/ad1b983d-0735-4ef9-b720-1e1f8bb28e9d/kopatchinskaja-patricia_copyrightmarcoborggreve003.jpeg__744x744_crop_subject_location-1236%2C696_subsampling-2_upscale.jpeg
Gurre-Lieder,"KKL Luzern, Concert Hall",Sun 15.09,18.30,NDR Elbphilharmonie Orchester,"Arnold Schoenberg (1874–1951)
Gurre-Lieder",https://www.lucernefestival.ch/media/thumbnails/filer_public/55/0c/550c5b95-af69-472f-9640-3c493c7dd062/gilbert_alan_c_marcoborggreve_ndr.jpg__744x744_q85_crop_subject_location-3675%2C2450_subsampling-2_upscale.jpg
Gurre-Lieder,"KKL Luzern, Concert Hall",Sun 15.09,18.30,NDR Vokalensemble,"Arnold Schoenberg (1874–1951)
Gurre-Lieder",https://www.lucernefestival.ch/media/thumbnails/filer_public/55/0c/550c5b95-af69-472f-9640-3c493c7dd062/gilbert_alan_c_marcoborggreve_ndr.jpg__744x744_q85_crop_subject_location-3675%2C2450_subsampling-2_upscale.jpg
Gurre-Lieder,"KKL Luzern, Concert Hall",Sun 15.09,18.30,MDR-Rundfunkchor,"Arnold Schoenberg (1874–1951)
Gurre-Lieder",https://www.lucernefestival.ch/media/thumbnails/filer_public/55/0c/550c5b95-af69-472f-9640-3c493c7dd062/gilbert_alan_c_marcoborggreve_ndr.jpg__744x744_q85_crop_subject_location-3675%2C2450_subsampling-2_upscale.jpg
Gurre-Lieder,"KKL Luzern, Concert Hall",Sun 15.09,18.30,Alan Gilbert,"Arnold Schoenberg (1874–1951)
Gurre-Lieder",https://www.lucernefestival.ch/media/thumbnails/filer_public/55/0c/550c5b95-af69-472f-9640-3c493c7dd062/gilbert_alan_c_marcoborggreve_ndr.jpg__744x744_q85_crop_subject_location-3675%2C2450_subsampling-2_upscale.jpg
Gurre-Lieder,"KKL Luzern, Concert Hall",Sun 15.09,18.30,Stuart Skelton,"Arnold Schoenberg (1874–1951)
Gurre-Lieder",https://www.lucernefestival.ch/media/thumbnails/filer_public/55/0c/550c5b95-af69-472f-9640-3c493c7dd062/gilbert_alan_c_marcoborggreve_ndr.jpg__744x744_q85_crop_subject_location-3675%2C2450_subsampling-2_upscale.jpg
Gurre-Lieder,"KKL Luzern, Concert Hall",Sun 15.09,18.30,Christina Nilsson,"Arnold Schoenberg (1874–1951)
Gurre-Lieder",https://www.lucernefestival.ch/media/thumbnails/filer_public/55/0c/550c5b95-af69-472f-9640-3c493c7dd062/gilbert_alan_c_marcoborggreve_ndr.jpg__744x744_q85_crop_subject_location-3675%2C2450_subsampling-2_upscale.jpg
Gurre-Lieder,"KKL Luzern, Concert Hall",Sun 15.09,18.30,Jamie Barton,"Arnold Schoenberg (1874–1951)
Gurre-Lieder",https://www.lucernefestival.ch/media/thumbnails/filer_public/55/0c/550c5b95-af69-472f-9640-3c493c7dd062/gilbert_alan_c_marcoborggreve_ndr.jpg__744x744_q85_crop_subject_location-3675%2C2450_subsampling-2_upscale.jpg
Gurre-Lieder,"KKL Luzern, Concert Hall",Sun 15.09,18.30,Michael Schade,"Arnold Schoenberg (1874–1951)
Gurre-Lieder",https://www.lucernefestival.ch/media/thumbnails/filer_public/55/0c/550c5b95-af69-472f-9640-3c493c7dd062/gilbert_alan_c_marcoborggreve_ndr.jpg__744x744_q85_crop_subject_location-3675%2C2450_subsampling-2_upscale.jpg
Gurre-Lieder,"KKL Luzern, Concert Hall",Sun 15.09,18.30,Michael Nagy,"Arnold Schoenberg (1874–1951)
Gurre-Lieder",https://www.lucernefestival.ch/media/thumbnails/filer_public/55/0c/550c5b95-af69-472f-9640-3c493c7dd062/gilbert_alan_c_marcoborggreve_ndr.jpg__744x744_q85_crop_subject_location-3675%2C2450_subsampling-2_upscale.jpg
Gurre-Lieder,"KKL Luzern, Concert Hall",Sun 15.09,18.30,Thomas Quasthoff,"Arnold Schoenberg (1874–1951)
Gurre-Lieder",https://www.lucernefestival.ch/media/thumbnails/filer_public/55/0c/550c5b95-af69-472f-9640-3c493c7dd062/gilbert_alan_c_marcoborggreve_ndr.jpg__744x744_q85_crop_subject_location-3675%2C2450_subsampling-2_upscale.jpg
